cod_departamento,departamento,anio,biologico,cobertura_vacunacion,estado_indicador,rango_bajo_inicio,rango_bajo_fin,rango_medio_inicio,rango_medio_fin,rango_adecuado_inicio,rango_adecuado_fin,cobertura_original,cobertura_porcentaje,nivel_cobertura
5,Antioquia,2019,BCG - Antituberculosa Recién Nacido,0.9389,ThreeSymbolUnCircledCheck,0,49.99,80,89.99,90,94.99,0.9389,93.89,Adecuada
8,Atlántico,2019,BCG - Antituberculosa Recién Nacido,1.0379,IndicatorState3,0,49.99,80,89.99,90,94.99,10379.0,103.79,Alta
11,Bogotá  D.C.,2019,BCG - Antituberculosa Recién Nacido,1.0105,IndicatorState3,0,49.99,80,89.99,90,94.99,10105.0,101.05,Alta
13,Bolívar,2019,BCG - Antituberculosa Recién Nacido,0.717,IndicatorState1,0,49.99,80,89.99,90,94.99,0.717,71.7,Baja
15,Boyacá,2019,BCG - Antituberculosa Recién Nacido,0.9409,ThreeSymbolUnCircledCheck,0,49.99,80,89.99,90,94.99,0.9409,94.08999999999999,Adecuada
17,Caldas,2019,BCG - Antituberculosa Recién Nacido,0.9001,ThreeSymbolUnCircledCheck,0,49.99,80,89.99,90,94.99,0.9001,90.01,Adecuada
18,Caquetá,2019,BCG - Antituberculosa Recién Nacido,0.9563,IndicatorState2,0,49.99,80,89.99,90,94.99,0.9563,95.63000000000001,Alta
19,Cauca,2019,BCG - Antituberculosa Recién Nacido,0.7223,IndicatorState1,0,49.99,80,89.99,90,94.99,0.7223,72.23,Baja
20,Cesar,2019,BCG - Antituberculosa Recién Nacido,0.9548,IndicatorState2,0,49.99,80,89.99,90,94.99,0.9548,95.48,Alta
23,Córdoba,2019,BCG - Antituberculosa Recién Nacido,0.7965,IndicatorState1,0,49.99,80,89.99,90,94.99,0.7965,79.65,Baja
25,Cundinamarca,2019,BCG - Antituberculosa Recién Nacido,0.5633,IndicatorState1,0,49.99,80,89.99,90,94.99,0.5633,56.330000000000005,Baja
27,Chocó,2019,BCG - Antituberculosa Recién Nacido,0.7949,IndicatorState1,0,49.99,80,89.99,90,94.99,0.7949,79.49000000000001,Baja
41,Huila,2019,BCG - Antituberculosa Recién Nacido,0.9253,ThreeSymbolUnCircledCheck,0,49.99,80,89.99,90,94.99,0.9253,92.53,Adecuada
44,La Guajira,2019,BCG - Antituberculosa Recién Nacido,1.1051,IndicatorState3,0,49.99,80,89.99,90,94.99,11051.0,110.50999999999999,Alta
47,Magdalena,2019,BCG - Antituberculosa Recién Nacido,0.8603,ThreeSymbolUnCircledExclamation,0,49.99,80,89.99,90,94.99,0.8603,86.03,Media
50,Meta,2019,BCG - Antituberculosa Recién Nacido,0.9874,IndicatorState2,0,49.99,80,89.99,90,94.99,0.9874,98.74000000000001,Alta
52,Nariño,2019,BCG - Antituberculosa Recién Nacido,0.856,ThreeSymbolUnCircledExclamation,0,49.99,80,89.99,90,94.99,0.856,85.6,Media
54,Norte de Santander,2019,BCG - Antituberculosa Recién Nacido,0.8762,ThreeSymbolUnCircledExclamation,0,49.99,80,89.99,90,94.99,0.8762,87.62,Media
63,Quindio,2019,BCG - Antituberculosa Recién Nacido,0.9739,IndicatorState2,0,49.99,80,89.99,90,94.99,0.9739,97.39,Alta
66,Risaralda,2019,BCG - Antituberculosa Recién Nacido,1.0422,IndicatorState3,0,49.99,80,89.99,90,94.99,10422.0,104.22,Alta
68,Santander,2019,BCG - Antituberculosa Recién Nacido,0.8387,ThreeSymbolUnCircledExclamation,0,49.99,80,89.99,90,94.99,0.8387,83.87,Media
70,Sucre,2019,BCG - Antituberculosa Recién Nacido,1.0013,IndicatorState3,0,49.99,80,89.99,90,94.99,10013.0,100.13000000000001,Alta
73,Tolima,2019,BCG - Antituberculosa Recién Nacido,0.8438,ThreeSymbolUnCircledExclamation,0,49.99,80,89.99,90,94.99,0.8438,84.38,Media
76,Valle del Cauca,2019,BCG - Antituberculosa Recién Nacido,0.8722,ThreeSymbolUnCircledExclamation,0,49.99,80,89.99,90,94.99,0.8722,87.22,Media
81,Arauca,2019,BCG - Antituberculosa Recién Nacido,1.1367,IndicatorState3,0,49.99,80,89.99,90,94.99,11367.0,113.67,Alta
85,Casanare,2019,BCG - Antituberculosa Recién Nacido,0.9773,IndicatorState2,0,49.99,80,89.99,90,94.99,0.9773,97.72999999999999,Alta
86,Putumayo,2019,BCG - Antituberculosa Recién Nacido,0.873,ThreeSymbolUnCircledExclamation,0,49.99,80,89.99,90,94.99,0.873,87.3,Media
88,Archipiélago de San Andrés Providencia y Santa Catalina,2019,BCG - Antituberculosa Recién Nacido,0.8593,ThreeSymbolUnCircledExclamation,0,49.99,80,89.99,90,94.99,0.8593,85.92999999999999,Media
91,Amazonas,2019,BCG - Antituberculosa Recién Nacido,0.8399,ThreeSymbolUnCircledExclamation,0,49.99,80,89.99,90,94.99,0.8399,83.99,Media
94,Guainía,2019,BCG - Antituberculosa Recién Nacido,1.2357,IndicatorState3,0,49.99,80,89.99,90,94.99,12357.0,123.57000000000001,Alta
95,Guaviare,2019,BCG - Antituberculosa Recién Nacido,0.9962,IndicatorState2,0,49.99,80,89.99,90,94.99,0.9962,99.62,Alta
97,Vaupés,2019,BCG - Antituberculosa Recién Nacido,0.9632,IndicatorState2,0,49.99,80,89.99,90,94.99,0.9632,96.32,Alta
99,Vichada,2019,BCG - Antituberculosa Recién Nacido,0.8613,ThreeSymbolUnCircledExclamation,0,49.99,80,89.99,90,94.99,0.8613,86.13,Media
5,Antioquia,2019,PENTA3 - Pentavalente Menor a 1 Año 3a. Dosis,0.9511,IndicatorState2,0,49.99,80,89.99,90,94.99,0.9511,95.11,Alta
8,Atlántico,2019,PENTA3 - Pentavalente Menor a 1 Año 3a. Dosis,0.9845,IndicatorState2,0,49.99,80,89.99,90,94.99,0.9845,98.45,Alta
11,Bogotá  D.C.,2019,PENTA3 - Pentavalente Menor a 1 Año 3a. Dosis,0.8932,ThreeSymbolUnCircledExclamation,0,49.99,80,89.99,90,94.99,0.8932,89.32,Media
13,Bolívar,2019,PENTA3 - Pentavalente Menor a 1 Año 3a. Dosis,0.873,ThreeSymbolUnCircledExclamation,0,49.99,80,89.99,90,94.99,0.873,87.3,Media
15,Boyacá,2019,PENTA3 - Pentavalente Menor a 1 Año 3a. Dosis,0.9797,IndicatorState2,0,49.99,80,89.99,90,94.99,0.9797,97.97,Alta
17,Caldas,2019,PENTA3 - Pentavalente Menor a 1 Año 3a. Dosis,0.9624,IndicatorState2,0,49.99,80,89.99,90,94.99,0.9624,96.24000000000001,Alta
18,Caquetá,2019,PENTA3 - Pentavalente Menor a 1 Año 3a. Dosis,0.9084,ThreeSymbolUnCircledCheck,0,49.99,80,89.99,90,94.99,0.9084,90.84,Adecuada
19,Cauca,2019,PENTA3 - Pentavalente Menor a 1 Año 3a. Dosis,0.903,ThreeSymbolUnCircledCheck,0,49.99,80,89.99,90,94.99,0.903,90.3,Adecuada
20,Cesar,2019,PENTA3 - Pentavalente Menor a 1 Año 3a. Dosis,1.0143,IndicatorState3,0,49.99,80,89.99,90,94.99,10143.0,101.42999999999999,Alta
23,Córdoba,2019,PENTA3 - Pentavalente Menor a 1 Año 3a. Dosis,0.8704,ThreeSymbolUnCircledExclamation,0,49.99,80,89.99,90,94.99,0.8704,87.03999999999999,Media
25,Cundinamarca,2019,PENTA3 - Pentavalente Menor a 1 Año 3a. Dosis,0.971,IndicatorState2,0,49.99,80,89.99,90,94.99,0.971,97.1,Alta
27,Chocó,2019,PENTA3 - Pentavalente Menor a 1 Año 3a. Dosis,0.8286,ThreeSymbolUnCircledExclamation,0,49.99,80,89.99,90,94.99,0.8286,82.86,Media
41,Huila,2019,PENTA3 - Pentavalente Menor a 1 Año 3a. Dosis,0.923,ThreeSymbolUnCircledCheck,0,49.99,80,89.99,90,94.99,0.923,92.30000000000001,Adecuada
44,La Guajira,2019,PENTA3 - Pentavalente Menor a 1 Año 3a. Dosis,0.9573,IndicatorState2,0,49.99,80,89.99,90,94.99,0.9573,95.73,Alta
47,Magdalena,2019,PENTA3 - Pentavalente Menor a 1 Año 3a. Dosis,0.9478,ThreeSymbolUnCircledCheck,0,49.99,80,89.99,90,94.99,0.9478,94.78,Adecuada
50,Meta,2019,PENTA3 - Pentavalente Menor a 1 Año 3a. Dosis,0.9204,ThreeSymbolUnCircledCheck,0,49.99,80,89.99,90,94.99,0.9204,92.04,Adecuada
52,Nariño,2019,PENTA3 - Pentavalente Menor a 1 Año 3a. Dosis,0.8603,ThreeSymbolUnCircledExclamation,0,49.99,80,89.99,90,94.99,0.8603,86.03,Media
54,Norte de Santander,2019,PENTA3 - Pentavalente Menor a 1 Año 3a. Dosis,0.9984,IndicatorState2,0,49.99,80,89.99,90,94.99,0.9984,99.83999999999999,Alta
63,Quindio,2019,PENTA3 - Pentavalente Menor a 1 Año 3a. Dosis,0.9234,ThreeSymbolUnCircledCheck,0,49.99,80,89.99,90,94.99,0.9234,92.34,Adecuada
66,Risaralda,2019,PENTA3 - Pentavalente Menor a 1 Año 3a. Dosis,0.9875,IndicatorState2,0,49.99,80,89.99,90,94.99,0.9875,98.75,Alta
68,Santander,2019,PENTA3 - Pentavalente Menor a 1 Año 3a. Dosis,0.8642,ThreeSymbolUnCircledExclamation,0,49.99,80,89.99,90,94.99,0.8642,86.42,Media
70,Sucre,2019,PENTA3 - Pentavalente Menor a 1 Año 3a. Dosis,1.0213,IndicatorState3,0,49.99,80,89.99,90,94.99,10213.0,102.13000000000001,Alta
73,Tolima,2019,PENTA3 - Pentavalente Menor a 1 Año 3a. Dosis,0.9452,ThreeSymbolUnCircledCheck,0,49.99,80,89.99,90,94.99,0.9452,94.52000000000001,Adecuada
76,Valle del Cauca,2019,PENTA3 - Pentavalente Menor a 1 Año 3a. Dosis,0.9649,IndicatorState2,0,49.99,80,89.99,90,94.99,0.9649,96.49,Alta
81,Arauca,2019,PENTA3 - Pentavalente Menor a 1 Año 3a. Dosis,1.1514,IndicatorState3,0,49.99,80,89.99,90,94.99,11514.0,115.14,Alta
85,Casanare,2019,PENTA3 - Pentavalente Menor a 1 Año 3a. Dosis,0.9655,IndicatorState2,0,49.99,80,89.99,90,94.99,0.9655,96.55,Alta
86,Putumayo,2019,PENTA3 - Pentavalente Menor a 1 Año 3a. Dosis,0.9805,IndicatorState2,0,49.99,80,89.99,90,94.99,0.9805,98.05,Alta
88,Archipiélago de San Andrés Providencia y Santa Catalina,2019,PENTA3 - Pentavalente Menor a 1 Año 3a. Dosis,0.8933,ThreeSymbolUnCircledExclamation,0,49.99,80,89.99,90,94.99,0.8933,89.33,Media
91,Amazonas,2019,PENTA3 - Pentavalente Menor a 1 Año 3a. Dosis,0.9106,ThreeSymbolUnCircledCheck,0,49.99,80,89.99,90,94.99,0.9106,91.06,Adecuada
94,Guainía,2019,PENTA3 - Pentavalente Menor a 1 Año 3a. Dosis,1.0923,IndicatorState3,0,49.99,80,89.99,90,94.99,10923.0,109.23,Alta
95,Guaviare,2019,PENTA3 - Pentavalente Menor a 1 Año 3a. Dosis,1.0289,IndicatorState3,0,49.99,80,89.99,90,94.99,10289.0,102.88999999999999,Alta
97,Vaupés,2019,PENTA3 - Pentavalente Menor a 1 Año 3a. Dosis,0.7668,IndicatorState1,0,49.99,80,89.99,90,94.99,0.7668,76.68,Baja
99,Vichada,2019,PENTA3 - Pentavalente Menor a 1 Año 3a. Dosis,0.6898,IndicatorState1,0,49.99,80,89.99,90,94.99,0.6898,68.97999999999999,Baja
5,Antioquia,2019,N2D - Neumococo Mayor a 1 Año 2a. Dosis,0.0,ThreeSymbolUnCircledCross,0,49.99,80,89.99,90,94.99,0.0,0.0,Muy baja
8,Atlántico,2019,N2D - Neumococo Mayor a 1 Año 2a. Dosis,0.0,ThreeSymbolUnCircledCross,0,49.99,80,89.99,90,94.99,0.0,0.0,Muy baja
11,Bogotá  D.C.,2019,N2D - Neumococo Mayor a 1 Año 2a. Dosis,0.0,ThreeSymbolUnCircledCross,0,49.99,80,89.99,90,94.99,0.0,0.0,Muy baja
13,Bolívar,2019,N2D - Neumococo Mayor a 1 Año 2a. Dosis,0.0,ThreeSymbolUnCircledCross,0,49.99,80,89.99,90,94.99,0.0,0.0,Muy baja
15,Boyacá,2019,N2D - Neumococo Mayor a 1 Año 2a. Dosis,0.0,ThreeSymbolUnCircledCross,0,49.99,80,89.99,90,94.99,0.0,0.0,Muy baja
17,Caldas,2019,N2D - Neumococo Mayor a 1 Año 2a. Dosis,0.0,ThreeSymbolUnCircledCross,0,49.99,80,89.99,90,94.99,0.0,0.0,Muy baja
18,Caquetá,2019,N2D - Neumococo Mayor a 1 Año 2a. Dosis,0.0,ThreeSymbolUnCircledCross,0,49.99,80,89.99,90,94.99,0.0,0.0,Muy baja
19,Cauca,2019,N2D - Neumococo Mayor a 1 Año 2a. Dosis,0.0,ThreeSymbolUnCircledCross,0,49.99,80,89.99,90,94.99,0.0,0.0,Muy baja
20,Cesar,2019,N2D - Neumococo Mayor a 1 Año 2a. Dosis,0.0,ThreeSymbolUnCircledCross,0,49.99,80,89.99,90,94.99,0.0,0.0,Muy baja
23,Córdoba,2019,N2D - Neumococo Mayor a 1 Año 2a. Dosis,0.0,ThreeSymbolUnCircledCross,0,49.99,80,89.99,90,94.99,0.0,0.0,Muy baja
25,Cundinamarca,2019,N2D - Neumococo Mayor a 1 Año 2a. Dosis,0.0,ThreeSymbolUnCircledCross,0,49.99,80,89.99,90,94.99,0.0,0.0,Muy baja
27,Chocó,2019,N2D - Neumococo Mayor a 1 Año 2a. Dosis,0.0,ThreeSymbolUnCircledCross,0,49.99,80,89.99,90,94.99,0.0,0.0,Muy baja
41,Huila,2019,N2D - Neumococo Mayor a 1 Año 2a. Dosis,0.0,ThreeSymbolUnCircledCross,0,49.99,80,89.99,90,94.99,0.0,0.0,Muy baja
44,La Guajira,2019,N2D - Neumococo Mayor a 1 Año 2a. Dosis,0.0,ThreeSymbolUnCircledCross,0,49.99,80,89.99,90,94.99,0.0,0.0,Muy baja
47,Magdalena,2019,N2D - Neumococo Mayor a 1 Año 2a. Dosis,0.0,ThreeSymbolUnCircledCross,0,49.99,80,89.99,90,94.99,0.0,0.0,Muy baja
50,Meta,2019,N2D - Neumococo Mayor a 1 Año 2a. Dosis,0.0,ThreeSymbolUnCircledCross,0,49.99,80,89.99,90,94.99,0.0,0.0,Muy baja
52,Nariño,2019,N2D - Neumococo Mayor a 1 Año 2a. Dosis,0.0,ThreeSymbolUnCircledCross,0,49.99,80,89.99,90,94.99,0.0,0.0,Muy baja
54,Norte de Santander,2019,N2D - Neumococo Mayor a 1 Año 2a. Dosis,0.0,ThreeSymbolUnCircledCross,0,49.99,80,89.99,90,94.99,0.0,0.0,Muy baja
63,Quindio,2019,N2D - Neumococo Mayor a 1 Año 2a. Dosis,0.0,ThreeSymbolUnCircledCross,0,49.99,80,89.99,90,94.99,0.0,0.0,Muy baja
66,Risaralda,2019,N2D - Neumococo Mayor a 1 Año 2a. Dosis,0.0,ThreeSymbolUnCircledCross,0,49.99,80,89.99,90,94.99,0.0,0.0,Muy baja
68,Santander,2019,N2D - Neumococo Mayor a 1 Año 2a. Dosis,0.0,ThreeSymbolUnCircledCross,0,49.99,80,89.99,90,94.99,0.0,0.0,Muy baja
70,Sucre,2019,N2D - Neumococo Mayor a 1 Año 2a. Dosis,0.0,ThreeSymbolUnCircledCross,0,49.99,80,89.99,90,94.99,0.0,0.0,Muy baja
73,Tolima,2019,N2D - Neumococo Mayor a 1 Año 2a. Dosis,0.0,ThreeSymbolUnCircledCross,0,49.99,80,89.99,90,94.99,0.0,0.0,Muy baja
76,Valle del Cauca,2019,N2D - Neumococo Mayor a 1 Año 2a. Dosis,0.0,ThreeSymbolUnCircledCross,0,49.99,80,89.99,90,94.99,0.0,0.0,Muy baja
81,Arauca,2019,N2D - Neumococo Mayor a 1 Año 2a. Dosis,0.0,ThreeSymbolUnCircledCross,0,49.99,80,89.99,90,94.99,0.0,0.0,Muy baja
85,Casanare,2019,N2D - Neumococo Mayor a 1 Año 2a. Dosis,0.0,ThreeSymbolUnCircledCross,0,49.99,80,89.99,90,94.99,0.0,0.0,Muy baja
86,Putumayo,2019,N2D - Neumococo Mayor a 1 Año 2a. Dosis,0.0,ThreeSymbolUnCircledCross,0,49.99,80,89.99,90,94.99,0.0,0.0,Muy baja
88,Archipiélago de San Andrés Providencia y Santa Catalina,2019,N2D - Neumococo Mayor a 1 Año 2a. Dosis,0.0,ThreeSymbolUnCircledCross,0,49.99,80,89.99,90,94.99,0.0,0.0,Muy baja
91,Amazonas,2019,N2D - Neumococo Mayor a 1 Año 2a. Dosis,0.0,ThreeSymbolUnCircledCross,0,49.99,80,89.99,90,94.99,0.0,0.0,Muy baja
94,Guainía,2019,N2D - Neumococo Mayor a 1 Año 2a. Dosis,0.0,ThreeSymbolUnCircledCross,0,49.99,80,89.99,90,94.99,0.0,0.0,Muy baja
95,Guaviare,2019,N2D - Neumococo Mayor a 1 Año 2a. Dosis,0.0,ThreeSymbolUnCircledCross,0,49.99,80,89.99,90,94.99,0.0,0.0,Muy baja
97,Vaupés,2019,N2D - Neumococo Mayor a 1 Año 2a. Dosis,0.0,ThreeSymbolUnCircledCross,0,49.99,80,89.99,90,94.99,0.0,0.0,Muy baja
99,Vichada,2019,N2D - Neumococo Mayor a 1 Año 2a. Dosis,0.0,ThreeSymbolUnCircledCross,0,49.99,80,89.99,90,94.99,0.0,0.0,Muy baja
5,Antioquia,2019,TV - Sarampión-Rubéola-Paperas (TV) 1 Año Única Dosis,0.9511,IndicatorState2,0,49.99,80,89.99,90,94.99,0.9511,95.11,Alta
8,Atlántico,2019,TV - Sarampión-Rubéola-Paperas (TV) 1 Año Única Dosis,0.988,IndicatorState2,0,49.99,80,89.99,90,94.99,0.988,98.8,Alta
11,Bogotá  D.C.,2019,TV - Sarampión-Rubéola-Paperas (TV) 1 Año Única Dosis,0.9257,ThreeSymbolUnCircledCheck,0,49.99,80,89.99,90,94.99,0.9257,92.57,Adecuada
13,Bolívar,2019,TV - Sarampión-Rubéola-Paperas (TV) 1 Año Única Dosis,0.9015,ThreeSymbolUnCircledCheck,0,49.99,80,89.99,90,94.99,0.9015,90.14999999999999,Adecuada
15,Boyacá,2019,TV - Sarampión-Rubéola-Paperas (TV) 1 Año Única Dosis,0.9311,ThreeSymbolUnCircledCheck,0,49.99,80,89.99,90,94.99,0.9311,93.11,Adecuada
17,Caldas,2019,TV - Sarampión-Rubéola-Paperas (TV) 1 Año Única Dosis,0.9652,IndicatorState2,0,49.99,80,89.99,90,94.99,0.9652,96.52,Alta
18,Caquetá,2019,TV - Sarampión-Rubéola-Paperas (TV) 1 Año Única Dosis,0.9384,ThreeSymbolUnCircledCheck,0,49.99,80,89.99,90,94.99,0.9384,93.84,Adecuada
19,Cauca,2019,TV - Sarampión-Rubéola-Paperas (TV) 1 Año Única Dosis,0.905,ThreeSymbolUnCircledCheck,0,49.99,80,89.99,90,94.99,0.905,90.5,Adecuada
20,Cesar,2019,TV - Sarampión-Rubéola-Paperas (TV) 1 Año Única Dosis,0.988,IndicatorState2,0,49.99,80,89.99,90,94.99,0.988,98.8,Alta
23,Córdoba,2019,TV - Sarampión-Rubéola-Paperas (TV) 1 Año Única Dosis,0.8859,ThreeSymbolUnCircledExclamation,0,49.99,80,89.99,90,94.99,0.8859,88.59,Media
25,Cundinamarca,2019,TV - Sarampión-Rubéola-Paperas (TV) 1 Año Única Dosis,0.9668,IndicatorState2,0,49.99,80,89.99,90,94.99,0.9668,96.67999999999999,Alta
27,Chocó,2019,TV - Sarampión-Rubéola-Paperas (TV) 1 Año Única Dosis,0.8615,ThreeSymbolUnCircledExclamation,0,49.99,80,89.99,90,94.99,0.8615,86.15,Media
41,Huila,2019,TV - Sarampión-Rubéola-Paperas (TV) 1 Año Única Dosis,0.9306,ThreeSymbolUnCircledCheck,0,49.99,80,89.99,90,94.99,0.9306,93.06,Adecuada
44,La Guajira,2019,TV - Sarampión-Rubéola-Paperas (TV) 1 Año Única Dosis,0.9904,IndicatorState2,0,49.99,80,89.99,90,94.99,0.9904,99.03999999999999,Alta
47,Magdalena,2019,TV - Sarampión-Rubéola-Paperas (TV) 1 Año Única Dosis,0.9386,ThreeSymbolUnCircledCheck,0,49.99,80,89.99,90,94.99,0.9386,93.86,Adecuada
50,Meta,2019,TV - Sarampión-Rubéola-Paperas (TV) 1 Año Única Dosis,0.9567,IndicatorState2,0,49.99,80,89.99,90,94.99,0.9567,95.67,Alta
52,Nariño,2019,TV - Sarampión-Rubéola-Paperas (TV) 1 Año Única Dosis,0.8855,ThreeSymbolUnCircledExclamation,0,49.99,80,89.99,90,94.99,0.8855,88.55,Media
54,Norte de Santander,2019,TV - Sarampión-Rubéola-Paperas (TV) 1 Año Única Dosis,0.9777,IndicatorState2,0,49.99,80,89.99,90,94.99,0.9777,97.77,Alta
63,Quindio,2019,TV - Sarampión-Rubéola-Paperas (TV) 1 Año Única Dosis,0.9549,IndicatorState2,0,49.99,80,89.99,90,94.99,0.9549,95.49,Alta
66,Risaralda,2019,TV - Sarampión-Rubéola-Paperas (TV) 1 Año Única Dosis,0.9905,IndicatorState2,0,49.99,80,89.99,90,94.99,0.9905,99.05000000000001,Alta
68,Santander,2019,TV - Sarampión-Rubéola-Paperas (TV) 1 Año Única Dosis,0.893,ThreeSymbolUnCircledExclamation,0,49.99,80,89.99,90,94.99,0.893,89.3,Media
70,Sucre,2019,TV - Sarampión-Rubéola-Paperas (TV) 1 Año Única Dosis,0.9997,IndicatorState2,0,49.99,80,89.99,90,94.99,0.9997,99.97,Alta
73,Tolima,2019,TV - Sarampión-Rubéola-Paperas (TV) 1 Año Única Dosis,0.9732,IndicatorState2,0,49.99,80,89.99,90,94.99,0.9732,97.32,Alta
76,Valle del Cauca,2019,TV - Sarampión-Rubéola-Paperas (TV) 1 Año Única Dosis,0.9606,IndicatorState2,0,49.99,80,89.99,90,94.99,0.9606,96.06,Alta
81,Arauca,2019,TV - Sarampión-Rubéola-Paperas (TV) 1 Año Única Dosis,1.0873,IndicatorState3,0,49.99,80,89.99,90,94.99,10873.0,108.72999999999999,Alta
85,Casanare,2019,TV - Sarampión-Rubéola-Paperas (TV) 1 Año Única Dosis,0.9698,IndicatorState2,0,49.99,80,89.99,90,94.99,0.9698,96.98,Alta
86,Putumayo,2019,TV - Sarampión-Rubéola-Paperas (TV) 1 Año Única Dosis,0.9605,IndicatorState2,0,49.99,80,89.99,90,94.99,0.9605,96.05,Alta
88,Archipiélago de San Andrés Providencia y Santa Catalina,2019,TV - Sarampión-Rubéola-Paperas (TV) 1 Año Única Dosis,0.9047,ThreeSymbolUnCircledCheck,0,49.99,80,89.99,90,94.99,0.9047,90.47,Adecuada
91,Amazonas,2019,TV - Sarampión-Rubéola-Paperas (TV) 1 Año Única Dosis,0.9263,ThreeSymbolUnCircledCheck,0,49.99,80,89.99,90,94.99,0.9263,92.63,Adecuada
94,Guainía,2019,TV - Sarampión-Rubéola-Paperas (TV) 1 Año Única Dosis,0.9835,IndicatorState2,0,49.99,80,89.99,90,94.99,0.9835,98.35000000000001,Alta
95,Guaviare,2019,TV - Sarampión-Rubéola-Paperas (TV) 1 Año Única Dosis,1.0136,IndicatorState3,0,49.99,80,89.99,90,94.99,10136.0,101.36,Alta
97,Vaupés,2019,TV - Sarampión-Rubéola-Paperas (TV) 1 Año Única Dosis,0.8996,ThreeSymbolUnCircledExclamation,0,49.99,80,89.99,90,94.99,0.8996,89.96,Media
99,Vichada,2019,TV - Sarampión-Rubéola-Paperas (TV) 1 Año Única Dosis,0.931,ThreeSymbolUnCircledCheck,0,49.99,80,89.99,90,94.99,0.931,93.10000000000001,Adecuada
5,Antioquia,2019,TV.R - Sarampión-Rubéola-Paperas (TV) 5 Años Refuerzo,0.8871,ThreeSymbolUnCircledExclamation,0,49.99,80,89.99,90,94.99,0.8871,88.71,Media
8,Atlántico,2019,TV.R - Sarampión-Rubéola-Paperas (TV) 5 Años Refuerzo,0.9386,ThreeSymbolUnCircledCheck,0,49.99,80,89.99,90,94.99,0.9386,93.86,Adecuada
11,Bogotá  D.C.,2019,TV.R - Sarampión-Rubéola-Paperas (TV) 5 Años Refuerzo,0.9466,ThreeSymbolUnCircledCheck,0,49.99,80,89.99,90,94.99,0.9466,94.66,Adecuada
13,Bolívar,2019,TV.R - Sarampión-Rubéola-Paperas (TV) 5 Años Refuerzo,0.8185,ThreeSymbolUnCircledExclamation,0,49.99,80,89.99,90,94.99,0.8185,81.85,Media
15,Boyacá,2019,TV.R - Sarampión-Rubéola-Paperas (TV) 5 Años Refuerzo,0.9293,ThreeSymbolUnCircledCheck,0,49.99,80,89.99,90,94.99,0.9293,92.93,Adecuada
17,Caldas,2019,TV.R - Sarampión-Rubéola-Paperas (TV) 5 Años Refuerzo,0.9275,ThreeSymbolUnCircledCheck,0,49.99,80,89.99,90,94.99,0.9275,92.75,Adecuada
18,Caquetá,2019,TV.R - Sarampión-Rubéola-Paperas (TV) 5 Años Refuerzo,0.8597,ThreeSymbolUnCircledExclamation,0,49.99,80,89.99,90,94.99,0.8597,85.97,Media
19,Cauca,2019,TV.R - Sarampión-Rubéola-Paperas (TV) 5 Años Refuerzo,0.893,ThreeSymbolUnCircledExclamation,0,49.99,80,89.99,90,94.99,0.893,89.3,Media
20,Cesar,2019,TV.R - Sarampión-Rubéola-Paperas (TV) 5 Años Refuerzo,0.8789,ThreeSymbolUnCircledExclamation,0,49.99,80,89.99,90,94.99,0.8789,87.89,Media
23,Córdoba,2019,TV.R - Sarampión-Rubéola-Paperas (TV) 5 Años Refuerzo,0.8552,ThreeSymbolUnCircledExclamation,0,49.99,80,89.99,90,94.99,0.8552,85.52,Media
25,Cundinamarca,2019,TV.R - Sarampión-Rubéola-Paperas (TV) 5 Años Refuerzo,0.9538,IndicatorState2,0,49.99,80,89.99,90,94.99,0.9538,95.38,Alta
27,Chocó,2019,TV.R - Sarampión-Rubéola-Paperas (TV) 5 Años Refuerzo,0.6418,IndicatorState1,0,49.99,80,89.99,90,94.99,0.6418,64.18,Baja
41,Huila,2019,TV.R - Sarampión-Rubéola-Paperas (TV) 5 Años Refuerzo,0.9444,ThreeSymbolUnCircledCheck,0,49.99,80,89.99,90,94.99,0.9444,94.44,Adecuada
44,La Guajira,2019,TV.R - Sarampión-Rubéola-Paperas (TV) 5 Años Refuerzo,0.8321,ThreeSymbolUnCircledExclamation,0,49.99,80,89.99,90,94.99,0.8321,83.21,Media
47,Magdalena,2019,TV.R - Sarampión-Rubéola-Paperas (TV) 5 Años Refuerzo,0.8341,ThreeSymbolUnCircledExclamation,0,49.99,80,89.99,90,94.99,0.8341,83.41,Media
50,Meta,2019,TV.R - Sarampión-Rubéola-Paperas (TV) 5 Años Refuerzo,0.8829,ThreeSymbolUnCircledExclamation,0,49.99,80,89.99,90,94.99,0.8829,88.29,Media
52,Nariño,2019,TV.R - Sarampión-Rubéola-Paperas (TV) 5 Años Refuerzo,0.859,ThreeSymbolUnCircledExclamation,0,49.99,80,89.99,90,94.99,0.859,85.9,Media
54,Norte de Santander,2019,TV.R - Sarampión-Rubéola-Paperas (TV) 5 Años Refuerzo,0.8816,ThreeSymbolUnCircledExclamation,0,49.99,80,89.99,90,94.99,0.8816,88.16000000000001,Media
63,Quindio,2019,TV.R - Sarampión-Rubéola-Paperas (TV) 5 Años Refuerzo,0.8901,ThreeSymbolUnCircledExclamation,0,49.99,80,89.99,90,94.99,0.8901,89.01,Media
66,Risaralda,2019,TV.R - Sarampión-Rubéola-Paperas (TV) 5 Años Refuerzo,0.8955,ThreeSymbolUnCircledExclamation,0,49.99,80,89.99,90,94.99,0.8955,89.55,Media
68,Santander,2019,TV.R - Sarampión-Rubéola-Paperas (TV) 5 Años Refuerzo,0.8493,ThreeSymbolUnCircledExclamation,0,49.99,80,89.99,90,94.99,0.8493,84.93,Media
70,Sucre,2019,TV.R - Sarampión-Rubéola-Paperas (TV) 5 Años Refuerzo,0.8862,ThreeSymbolUnCircledExclamation,0,49.99,80,89.99,90,94.99,0.8862,88.62,Media
73,Tolima,2019,TV.R - Sarampión-Rubéola-Paperas (TV) 5 Años Refuerzo,0.9024,ThreeSymbolUnCircledCheck,0,49.99,80,89.99,90,94.99,0.9024,90.24,Adecuada
76,Valle del Cauca,2019,TV.R - Sarampión-Rubéola-Paperas (TV) 5 Años Refuerzo,0.9216,ThreeSymbolUnCircledCheck,0,49.99,80,89.99,90,94.99,0.9216,92.16,Adecuada
81,Arauca,2019,TV.R - Sarampión-Rubéola-Paperas (TV) 5 Años Refuerzo,0.905,ThreeSymbolUnCircledCheck,0,49.99,80,89.99,90,94.99,0.905,90.5,Adecuada
85,Casanare,2019,TV.R - Sarampión-Rubéola-Paperas (TV) 5 Años Refuerzo,0.9616,IndicatorState2,0,49.99,80,89.99,90,94.99,0.9616,96.16,Alta
86,Putumayo,2019,TV.R - Sarampión-Rubéola-Paperas (TV) 5 Años Refuerzo,0.9154,ThreeSymbolUnCircledCheck,0,49.99,80,89.99,90,94.99,0.9154,91.53999999999999,Adecuada
88,Archipiélago de San Andrés Providencia y Santa Catalina,2019,TV.R - Sarampión-Rubéola-Paperas (TV) 5 Años Refuerzo,0.8514,ThreeSymbolUnCircledExclamation,0,49.99,80,89.99,90,94.99,0.8514,85.14,Media
91,Amazonas,2019,TV.R - Sarampión-Rubéola-Paperas (TV) 5 Años Refuerzo,0.8465,ThreeSymbolUnCircledExclamation,0,49.99,80,89.99,90,94.99,0.8465,84.65,Media
94,Guainía,2019,TV.R - Sarampión-Rubéola-Paperas (TV) 5 Años Refuerzo,0.9202,ThreeSymbolUnCircledCheck,0,49.99,80,89.99,90,94.99,0.9202,92.02,Adecuada
95,Guaviare,2019,TV.R - Sarampión-Rubéola-Paperas (TV) 5 Años Refuerzo,0.7805,IndicatorState1,0,49.99,80,89.99,90,94.99,0.7805,78.05,Baja
97,Vaupés,2019,TV.R - Sarampión-Rubéola-Paperas (TV) 5 Años Refuerzo,0.758,IndicatorState1,0,49.99,80,89.99,90,94.99,0.758,75.8,Baja
99,Vichada,2019,TV.R - Sarampión-Rubéola-Paperas (TV) 5 Años Refuerzo,0.6983,IndicatorState1,0,49.99,80,89.99,90,94.99,0.6983,69.83,Baja
5,Antioquia,2020,BCG - Antituberculosa Recién Nacido,0.7312,IndicatorState1,0,49.99,80,89.99,90,94.99,0.7312,73.11999999999999,Baja
8,Atlántico,2020,BCG - Antituberculosa Recién Nacido,0.9728,IndicatorState2,0,49.99,80,89.99,90,94.99,0.9728,97.28,Alta
11,Bogotá  D.C.,2020,BCG - Antituberculosa Recién Nacido,0.9199,ThreeSymbolUnCircledCheck,0,49.99,80,89.99,90,94.99,0.9199,91.99000000000001,Adecuada
13,Bolívar,2020,BCG - Antituberculosa Recién Nacido,0.7279,IndicatorState1,0,49.99,80,89.99,90,94.99,0.7279,72.78999999999999,Baja
15,Boyacá,2020,BCG - Antituberculosa Recién Nacido,0.7424,IndicatorState1,0,49.99,80,89.99,90,94.99,0.7424,74.24,Baja
17,Caldas,2020,BCG - Antituberculosa Recién Nacido,0.6083,IndicatorState1,0,49.99,80,89.99,90,94.99,0.6083,60.83,Baja
18,Caquetá,2020,BCG - Antituberculosa Recién Nacido,0.8283,ThreeSymbolUnCircledExclamation,0,49.99,80,89.99,90,94.99,0.8283,82.83,Media
19,Cauca,2020,BCG - Antituberculosa Recién Nacido,0.6653,IndicatorState1,0,49.99,80,89.99,90,94.99,0.6653,66.53,Baja
20,Cesar,2020,BCG - Antituberculosa Recién Nacido,0.8289,ThreeSymbolUnCircledExclamation,0,49.99,80,89.99,90,94.99,0.8289,82.89,Media
23,Córdoba,2020,BCG - Antituberculosa Recién Nacido,0.7345,IndicatorState1,0,49.99,80,89.99,90,94.99,0.7345,73.45,Baja
25,Cundinamarca,2020,BCG - Antituberculosa Recién Nacido,0.3881,ThreeSymbolUnCircledCross,0,49.99,80,89.99,90,94.99,0.3881,38.81,Muy baja
27,Chocó,2020,BCG - Antituberculosa Recién Nacido,0.7502,IndicatorState1,0,49.99,80,89.99,90,94.99,0.7502,75.02,Baja
41,Huila,2020,BCG - Antituberculosa Recién Nacido,0.8308,ThreeSymbolUnCircledExclamation,0,49.99,80,89.99,90,94.99,0.8308,83.08,Media
44,La Guajira,2020,BCG - Antituberculosa Recién Nacido,0.9388,ThreeSymbolUnCircledCheck,0,49.99,80,89.99,90,94.99,0.9388,93.88,Adecuada
47,Magdalena,2020,BCG - Antituberculosa Recién Nacido,0.865,ThreeSymbolUnCircledExclamation,0,49.99,80,89.99,90,94.99,0.865,86.5,Media
50,Meta,2020,BCG - Antituberculosa Recién Nacido,0.8812,ThreeSymbolUnCircledExclamation,0,49.99,80,89.99,90,94.99,0.8812,88.12,Media
52,Nariño,2020,BCG - Antituberculosa Recién Nacido,0.672,IndicatorState1,0,49.99,80,89.99,90,94.99,0.672,67.2,Baja
54,Norte de Santander,2020,BCG - Antituberculosa Recién Nacido,0.9303,ThreeSymbolUnCircledCheck,0,49.99,80,89.99,90,94.99,0.9303,93.03,Adecuada
63,Quindio,2020,BCG - Antituberculosa Recién Nacido,0.8574,ThreeSymbolUnCircledExclamation,0,49.99,80,89.99,90,94.99,0.8574,85.74000000000001,Media
66,Risaralda,2020,BCG - Antituberculosa Recién Nacido,0.8199,ThreeSymbolUnCircledExclamation,0,49.99,80,89.99,90,94.99,0.8199,81.99,Media
68,Santander,2020,BCG - Antituberculosa Recién Nacido,0.754,IndicatorState1,0,49.99,80,89.99,90,94.99,0.754,75.4,Baja
70,Sucre,2020,BCG - Antituberculosa Recién Nacido,0.8226,ThreeSymbolUnCircledExclamation,0,49.99,80,89.99,90,94.99,0.8226,82.26,Media
73,Tolima,2020,BCG - Antituberculosa Recién Nacido,0.8208,ThreeSymbolUnCircledExclamation,0,49.99,80,89.99,90,94.99,0.8208,82.08,Media
76,Valle del Cauca,2020,BCG - Antituberculosa Recién Nacido,0.7144,IndicatorState1,0,49.99,80,89.99,90,94.99,0.7144,71.44,Baja
81,Arauca,2020,BCG - Antituberculosa Recién Nacido,0.922,ThreeSymbolUnCircledCheck,0,49.99,80,89.99,90,94.99,0.922,92.2,Adecuada
85,Casanare,2020,BCG - Antituberculosa Recién Nacido,0.8102,ThreeSymbolUnCircledExclamation,0,49.99,80,89.99,90,94.99,0.8102,81.02000000000001,Media
86,Putumayo,2020,BCG - Antituberculosa Recién Nacido,0.6604,IndicatorState1,0,49.99,80,89.99,90,94.99,0.6604,66.03999999999999,Baja
88,Archipiélago de San Andrés Providencia y Santa Catalina,2020,BCG - Antituberculosa Recién Nacido,0.7399,IndicatorState1,0,49.99,80,89.99,90,94.99,0.7399,73.99,Baja
91,Amazonas,2020,BCG - Antituberculosa Recién Nacido,0.6169,IndicatorState1,0,49.99,80,89.99,90,94.99,0.6169,61.69,Baja
94,Guainía,2020,BCG - Antituberculosa Recién Nacido,0.6698,IndicatorState1,0,49.99,80,89.99,90,94.99,0.6698,66.97999999999999,Baja
95,Guaviare,2020,BCG - Antituberculosa Recién Nacido,0.7053,IndicatorState1,0,49.99,80,89.99,90,94.99,0.7053,70.53,Baja
97,Vaupés,2020,BCG - Antituberculosa Recién Nacido,0.5049,IndicatorState1,0,49.99,80,89.99,90,94.99,0.5049,50.49,Baja
99,Vichada,2020,BCG - Antituberculosa Recién Nacido,0.4509,ThreeSymbolUnCircledCross,0,49.99,80,89.99,90,94.99,0.4509,45.09,Muy baja
5,Antioquia,2020,PENTA3 - Pentavalente Menor a 1 Año 3a. Dosis,0.6897,IndicatorState1,0,49.99,80,89.99,90,94.99,0.6897,68.97,Baja
8,Atlántico,2020,PENTA3 - Pentavalente Menor a 1 Año 3a. Dosis,0.899,ThreeSymbolUnCircledExclamation,0,49.99,80,89.99,90,94.99,0.899,89.9,Media
11,Bogotá  D.C.,2020,PENTA3 - Pentavalente Menor a 1 Año 3a. Dosis,0.7906,IndicatorState1,0,49.99,80,89.99,90,94.99,0.7906,79.06,Baja
13,Bolívar,2020,PENTA3 - Pentavalente Menor a 1 Año 3a. Dosis,0.7979,IndicatorState1,0,49.99,80,89.99,90,94.99,0.7979,79.79,Baja
15,Boyacá,2020,PENTA3 - Pentavalente Menor a 1 Año 3a. Dosis,0.7503,IndicatorState1,0,49.99,80,89.99,90,94.99,0.7503,75.03,Baja
17,Caldas,2020,PENTA3 - Pentavalente Menor a 1 Año 3a. Dosis,0.6242,IndicatorState1,0,49.99,80,89.99,90,94.99,0.6242,62.419999999999995,Baja
18,Caquetá,2020,PENTA3 - Pentavalente Menor a 1 Año 3a. Dosis,0.7094,IndicatorState1,0,49.99,80,89.99,90,94.99,0.7094,70.94,Baja
19,Cauca,2020,PENTA3 - Pentavalente Menor a 1 Año 3a. Dosis,0.7536,IndicatorState1,0,49.99,80,89.99,90,94.99,0.7536,75.36,Baja
20,Cesar,2020,PENTA3 - Pentavalente Menor a 1 Año 3a. Dosis,0.8379,ThreeSymbolUnCircledExclamation,0,49.99,80,89.99,90,94.99,0.8379,83.78999999999999,Media
23,Córdoba,2020,PENTA3 - Pentavalente Menor a 1 Año 3a. Dosis,0.7531,IndicatorState1,0,49.99,80,89.99,90,94.99,0.7531,75.31,Baja
25,Cundinamarca,2020,PENTA3 - Pentavalente Menor a 1 Año 3a. Dosis,0.6872,IndicatorState1,0,49.99,80,89.99,90,94.99,0.6872,68.72,Baja
27,Chocó,2020,PENTA3 - Pentavalente Menor a 1 Año 3a. Dosis,0.5899,IndicatorState1,0,49.99,80,89.99,90,94.99,0.5899,58.989999999999995,Baja
41,Huila,2020,PENTA3 - Pentavalente Menor a 1 Año 3a. Dosis,0.793,IndicatorState1,0,49.99,80,89.99,90,94.99,0.793,79.3,Baja
44,La Guajira,2020,PENTA3 - Pentavalente Menor a 1 Año 3a. Dosis,0.8986,ThreeSymbolUnCircledExclamation,0,49.99,80,89.99,90,94.99,0.8986,89.86,Media
47,Magdalena,2020,PENTA3 - Pentavalente Menor a 1 Año 3a. Dosis,0.8816,ThreeSymbolUnCircledExclamation,0,49.99,80,89.99,90,94.99,0.8816,88.16000000000001,Media
50,Meta,2020,PENTA3 - Pentavalente Menor a 1 Año 3a. Dosis,0.7755,IndicatorState1,0,49.99,80,89.99,90,94.99,0.7755,77.55,Baja
52,Nariño,2020,PENTA3 - Pentavalente Menor a 1 Año 3a. Dosis,0.6483,IndicatorState1,0,49.99,80,89.99,90,94.99,0.6483,64.83,Baja
54,Norte de Santander,2020,PENTA3 - Pentavalente Menor a 1 Año 3a. Dosis,0.7921,IndicatorState1,0,49.99,80,89.99,90,94.99,0.7921,79.21000000000001,Baja
63,Quindio,2020,PENTA3 - Pentavalente Menor a 1 Año 3a. Dosis,0.7666,IndicatorState1,0,49.99,80,89.99,90,94.99,0.7666,76.66,Baja
66,Risaralda,2020,PENTA3 - Pentavalente Menor a 1 Año 3a. Dosis,0.7459,IndicatorState1,0,49.99,80,89.99,90,94.99,0.7459,74.59,Baja
68,Santander,2020,PENTA3 - Pentavalente Menor a 1 Año 3a. Dosis,0.7499,IndicatorState1,0,49.99,80,89.99,90,94.99,0.7499,74.99,Baja
70,Sucre,2020,PENTA3 - Pentavalente Menor a 1 Año 3a. Dosis,0.8277,ThreeSymbolUnCircledExclamation,0,49.99,80,89.99,90,94.99,0.8277,82.77,Media
73,Tolima,2020,PENTA3 - Pentavalente Menor a 1 Año 3a. Dosis,0.8633,ThreeSymbolUnCircledExclamation,0,49.99,80,89.99,90,94.99,0.8633,86.33,Media
76,Valle del Cauca,2020,PENTA3 - Pentavalente Menor a 1 Año 3a. Dosis,0.7763,IndicatorState1,0,49.99,80,89.99,90,94.99,0.7763,77.63,Baja
81,Arauca,2020,PENTA3 - Pentavalente Menor a 1 Año 3a. Dosis,0.857,ThreeSymbolUnCircledExclamation,0,49.99,80,89.99,90,94.99,0.857,85.7,Media
85,Casanare,2020,PENTA3 - Pentavalente Menor a 1 Año 3a. Dosis,0.8065,ThreeSymbolUnCircledExclamation,0,49.99,80,89.99,90,94.99,0.8065,80.65,Media
86,Putumayo,2020,PENTA3 - Pentavalente Menor a 1 Año 3a. Dosis,0.6665,IndicatorState1,0,49.99,80,89.99,90,94.99,0.6665,66.64999999999999,Baja
88,Archipiélago de San Andrés Providencia y Santa Catalina,2020,PENTA3 - Pentavalente Menor a 1 Año 3a. Dosis,0.7109,IndicatorState1,0,49.99,80,89.99,90,94.99,0.7109,71.09,Baja
91,Amazonas,2020,PENTA3 - Pentavalente Menor a 1 Año 3a. Dosis,0.6138,IndicatorState1,0,49.99,80,89.99,90,94.99,0.6138,61.38,Baja
94,Guainía,2020,PENTA3 - Pentavalente Menor a 1 Año 3a. Dosis,0.5029,IndicatorState1,0,49.99,80,89.99,90,94.99,0.5029,50.29,Baja
95,Guaviare,2020,PENTA3 - Pentavalente Menor a 1 Año 3a. Dosis,0.6418,IndicatorState1,0,49.99,80,89.99,90,94.99,0.6418,64.18,Baja
97,Vaupés,2020,PENTA3 - Pentavalente Menor a 1 Año 3a. Dosis,0.3715,ThreeSymbolUnCircledCross,0,49.99,80,89.99,90,94.99,0.3715,37.15,Muy baja
99,Vichada,2020,PENTA3 - Pentavalente Menor a 1 Año 3a. Dosis,0.3541,ThreeSymbolUnCircledCross,0,49.99,80,89.99,90,94.99,0.3541,35.410000000000004,Muy baja
5,Antioquia,2020,N2D - Neumococo Mayor a 1 Año 2a. Dosis,0.0,ThreeSymbolUnCircledCross,0,49.99,80,89.99,90,94.99,0.0,0.0,Muy baja
8,Atlántico,2020,N2D - Neumococo Mayor a 1 Año 2a. Dosis,0.0,ThreeSymbolUnCircledCross,0,49.99,80,89.99,90,94.99,0.0,0.0,Muy baja
11,Bogotá  D.C.,2020,N2D - Neumococo Mayor a 1 Año 2a. Dosis,0.0,ThreeSymbolUnCircledCross,0,49.99,80,89.99,90,94.99,0.0,0.0,Muy baja
13,Bolívar,2020,N2D - Neumococo Mayor a 1 Año 2a. Dosis,0.0,ThreeSymbolUnCircledCross,0,49.99,80,89.99,90,94.99,0.0,0.0,Muy baja
15,Boyacá,2020,N2D - Neumococo Mayor a 1 Año 2a. Dosis,0.0,ThreeSymbolUnCircledCross,0,49.99,80,89.99,90,94.99,0.0,0.0,Muy baja
17,Caldas,2020,N2D - Neumococo Mayor a 1 Año 2a. Dosis,0.0,ThreeSymbolUnCircledCross,0,49.99,80,89.99,90,94.99,0.0,0.0,Muy baja
18,Caquetá,2020,N2D - Neumococo Mayor a 1 Año 2a. Dosis,0.0,ThreeSymbolUnCircledCross,0,49.99,80,89.99,90,94.99,0.0,0.0,Muy baja
19,Cauca,2020,N2D - Neumococo Mayor a 1 Año 2a. Dosis,0.0,ThreeSymbolUnCircledCross,0,49.99,80,89.99,90,94.99,0.0,0.0,Muy baja
20,Cesar,2020,N2D - Neumococo Mayor a 1 Año 2a. Dosis,0.0,ThreeSymbolUnCircledCross,0,49.99,80,89.99,90,94.99,0.0,0.0,Muy baja
23,Córdoba,2020,N2D - Neumococo Mayor a 1 Año 2a. Dosis,0.0,ThreeSymbolUnCircledCross,0,49.99,80,89.99,90,94.99,0.0,0.0,Muy baja
25,Cundinamarca,2020,N2D - Neumococo Mayor a 1 Año 2a. Dosis,0.0,ThreeSymbolUnCircledCross,0,49.99,80,89.99,90,94.99,0.0,0.0,Muy baja
27,Chocó,2020,N2D - Neumococo Mayor a 1 Año 2a. Dosis,0.0,ThreeSymbolUnCircledCross,0,49.99,80,89.99,90,94.99,0.0,0.0,Muy baja
41,Huila,2020,N2D - Neumococo Mayor a 1 Año 2a. Dosis,0.0,ThreeSymbolUnCircledCross,0,49.99,80,89.99,90,94.99,0.0,0.0,Muy baja
44,La Guajira,2020,N2D - Neumococo Mayor a 1 Año 2a. Dosis,0.0,ThreeSymbolUnCircledCross,0,49.99,80,89.99,90,94.99,0.0,0.0,Muy baja
47,Magdalena,2020,N2D - Neumococo Mayor a 1 Año 2a. Dosis,0.0,ThreeSymbolUnCircledCross,0,49.99,80,89.99,90,94.99,0.0,0.0,Muy baja
50,Meta,2020,N2D - Neumococo Mayor a 1 Año 2a. Dosis,0.0,ThreeSymbolUnCircledCross,0,49.99,80,89.99,90,94.99,0.0,0.0,Muy baja
52,Nariño,2020,N2D - Neumococo Mayor a 1 Año 2a. Dosis,0.0,ThreeSymbolUnCircledCross,0,49.99,80,89.99,90,94.99,0.0,0.0,Muy baja
54,Norte de Santander,2020,N2D - Neumococo Mayor a 1 Año 2a. Dosis,0.0,ThreeSymbolUnCircledCross,0,49.99,80,89.99,90,94.99,0.0,0.0,Muy baja
63,Quindio,2020,N2D - Neumococo Mayor a 1 Año 2a. Dosis,0.0,ThreeSymbolUnCircledCross,0,49.99,80,89.99,90,94.99,0.0,0.0,Muy baja
41,Huila,2022,PENTA3,0.8905,ThreeSymbolUnCircledExclamation,0,49.99,80,89.99,90,94.99,0.8905,89.05,Media
66,Risaralda,2020,N2D - Neumococo Mayor a 1 Año 2a. Dosis,0.0,ThreeSymbolUnCircledCross,0,49.99,80,89.99,90,94.99,0.0,0.0,Muy baja
68,Santander,2020,N2D - Neumococo Mayor a 1 Año 2a. Dosis,0.0,ThreeSymbolUnCircledCross,0,49.99,80,89.99,90,94.99,0.0,0.0,Muy baja
70,Sucre,2020,N2D - Neumococo Mayor a 1 Año 2a. Dosis,0.0,ThreeSymbolUnCircledCross,0,49.99,80,89.99,90,94.99,0.0,0.0,Muy baja
73,Tolima,2020,N2D - Neumococo Mayor a 1 Año 2a. Dosis,0.0,ThreeSymbolUnCircledCross,0,49.99,80,89.99,90,94.99,0.0,0.0,Muy baja
76,Valle del Cauca,2020,N2D - Neumococo Mayor a 1 Año 2a. Dosis,0.0,ThreeSymbolUnCircledCross,0,49.99,80,89.99,90,94.99,0.0,0.0,Muy baja
81,Arauca,2020,N2D - Neumococo Mayor a 1 Año 2a. Dosis,0.0,ThreeSymbolUnCircledCross,0,49.99,80,89.99,90,94.99,0.0,0.0,Muy baja
85,Casanare,2020,N2D - Neumococo Mayor a 1 Año 2a. Dosis,0.0,ThreeSymbolUnCircledCross,0,49.99,80,89.99,90,94.99,0.0,0.0,Muy baja
86,Putumayo,2020,N2D - Neumococo Mayor a 1 Año 2a. Dosis,0.0,ThreeSymbolUnCircledCross,0,49.99,80,89.99,90,94.99,0.0,0.0,Muy baja
88,Archipiélago de San Andrés Providencia y Santa Catalina,2020,N2D - Neumococo Mayor a 1 Año 2a. Dosis,0.0,ThreeSymbolUnCircledCross,0,49.99,80,89.99,90,94.99,0.0,0.0,Muy baja
91,Amazonas,2020,N2D - Neumococo Mayor a 1 Año 2a. Dosis,0.0,ThreeSymbolUnCircledCross,0,49.99,80,89.99,90,94.99,0.0,0.0,Muy baja
94,Guainía,2020,N2D - Neumococo Mayor a 1 Año 2a. Dosis,0.0,ThreeSymbolUnCircledCross,0,49.99,80,89.99,90,94.99,0.0,0.0,Muy baja
95,Guaviare,2020,N2D - Neumococo Mayor a 1 Año 2a. Dosis,0.0,ThreeSymbolUnCircledCross,0,49.99,80,89.99,90,94.99,0.0,0.0,Muy baja
97,Vaupés,2020,N2D - Neumococo Mayor a 1 Año 2a. Dosis,0.0,ThreeSymbolUnCircledCross,0,49.99,80,89.99,90,94.99,0.0,0.0,Muy baja
99,Vichada,2020,N2D - Neumococo Mayor a 1 Año 2a. Dosis,0.0,ThreeSymbolUnCircledCross,0,49.99,80,89.99,90,94.99,0.0,0.0,Muy baja
5,Antioquia,2020,TV - Sarampión-Rubéola-Paperas (TV) 1 Año Única Dosis,0.7438,IndicatorState1,0,49.99,80,89.99,90,94.99,0.7438,74.38,Baja
8,Atlántico,2020,TV - Sarampión-Rubéola-Paperas (TV) 1 Año Única Dosis,0.9187,ThreeSymbolUnCircledCheck,0,49.99,80,89.99,90,94.99,0.9187,91.86999999999999,Adecuada
11,Bogotá  D.C.,2020,TV - Sarampión-Rubéola-Paperas (TV) 1 Año Única Dosis,0.8441,ThreeSymbolUnCircledExclamation,0,49.99,80,89.99,90,94.99,0.8441,84.41,Media
13,Bolívar,2020,TV - Sarampión-Rubéola-Paperas (TV) 1 Año Única Dosis,0.8672,ThreeSymbolUnCircledExclamation,0,49.99,80,89.99,90,94.99,0.8672,86.72,Media
15,Boyacá,2020,TV - Sarampión-Rubéola-Paperas (TV) 1 Año Única Dosis,0.7583,IndicatorState1,0,49.99,80,89.99,90,94.99,0.7583,75.83,Baja
17,Caldas,2020,TV - Sarampión-Rubéola-Paperas (TV) 1 Año Única Dosis,0.6544,IndicatorState1,0,49.99,80,89.99,90,94.99,0.6544,65.44,Baja
18,Caquetá,2020,TV - Sarampión-Rubéola-Paperas (TV) 1 Año Única Dosis,0.8169,ThreeSymbolUnCircledExclamation,0,49.99,80,89.99,90,94.99,0.8169,81.69,Media
19,Cauca,2020,TV - Sarampión-Rubéola-Paperas (TV) 1 Año Única Dosis,0.7874,IndicatorState1,0,49.99,80,89.99,90,94.99,0.7874,78.74,Baja
20,Cesar,2020,TV - Sarampión-Rubéola-Paperas (TV) 1 Año Única Dosis,0.8897,ThreeSymbolUnCircledExclamation,0,49.99,80,89.99,90,94.99,0.8897,88.97,Media
23,Córdoba,2020,TV - Sarampión-Rubéola-Paperas (TV) 1 Año Única Dosis,0.7725,IndicatorState1,0,49.99,80,89.99,90,94.99,0.7725,77.25,Baja
25,Cundinamarca,2020,TV - Sarampión-Rubéola-Paperas (TV) 1 Año Única Dosis,0.693,IndicatorState1,0,49.99,80,89.99,90,94.99,0.693,69.3,Baja
27,Chocó,2020,TV - Sarampión-Rubéola-Paperas (TV) 1 Año Única Dosis,0.8087,ThreeSymbolUnCircledExclamation,0,49.99,80,89.99,90,94.99,0.8087,80.87,Media
41,Huila,2020,TV - Sarampión-Rubéola-Paperas (TV) 1 Año Única Dosis,0.8193,ThreeSymbolUnCircledExclamation,0,49.99,80,89.99,90,94.99,0.8193,81.93,Media
44,La Guajira,2020,TV - Sarampión-Rubéola-Paperas (TV) 1 Año Única Dosis,0.9457,ThreeSymbolUnCircledCheck,0,49.99,80,89.99,90,94.99,0.9457,94.57,Adecuada
47,Magdalena,2020,TV - Sarampión-Rubéola-Paperas (TV) 1 Año Única Dosis,0.9399,ThreeSymbolUnCircledCheck,0,49.99,80,89.99,90,94.99,0.9399,93.99,Adecuada
50,Meta,2020,TV - Sarampión-Rubéola-Paperas (TV) 1 Año Única Dosis,0.8117,ThreeSymbolUnCircledExclamation,0,49.99,80,89.99,90,94.99,0.8117,81.17,Media
52,Nariño,2020,TV - Sarampión-Rubéola-Paperas (TV) 1 Año Única Dosis,0.6907,IndicatorState1,0,49.99,80,89.99,90,94.99,0.6907,69.07,Baja
54,Norte de Santander,2020,TV - Sarampión-Rubéola-Paperas (TV) 1 Año Única Dosis,0.8093,ThreeSymbolUnCircledExclamation,0,49.99,80,89.99,90,94.99,0.8093,80.93,Media
63,Quindio,2020,TV - Sarampión-Rubéola-Paperas (TV) 1 Año Única Dosis,0.778,IndicatorState1,0,49.99,80,89.99,90,94.99,0.778,77.8,Baja
66,Risaralda,2020,TV - Sarampión-Rubéola-Paperas (TV) 1 Año Única Dosis,0.7701,IndicatorState1,0,49.99,80,89.99,90,94.99,0.7701,77.01,Baja
68,Santander,2020,TV - Sarampión-Rubéola-Paperas (TV) 1 Año Única Dosis,0.778,IndicatorState1,0,49.99,80,89.99,90,94.99,0.778,77.8,Baja
70,Sucre,2020,TV - Sarampión-Rubéola-Paperas (TV) 1 Año Única Dosis,0.8743,ThreeSymbolUnCircledExclamation,0,49.99,80,89.99,90,94.99,0.8743,87.42999999999999,Media
73,Tolima,2020,TV - Sarampión-Rubéola-Paperas (TV) 1 Año Única Dosis,0.8998,ThreeSymbolUnCircledExclamation,0,49.99,80,89.99,90,94.99,0.8998,89.98,Media
76,Valle del Cauca,2020,TV - Sarampión-Rubéola-Paperas (TV) 1 Año Única Dosis,0.7986,IndicatorState1,0,49.99,80,89.99,90,94.99,0.7986,79.86,Baja
81,Arauca,2020,TV - Sarampión-Rubéola-Paperas (TV) 1 Año Única Dosis,0.8927,ThreeSymbolUnCircledExclamation,0,49.99,80,89.99,90,94.99,0.8927,89.27000000000001,Media
85,Casanare,2020,TV - Sarampión-Rubéola-Paperas (TV) 1 Año Única Dosis,0.8027,ThreeSymbolUnCircledExclamation,0,49.99,80,89.99,90,94.99,0.8027,80.27,Media
86,Putumayo,2020,TV - Sarampión-Rubéola-Paperas (TV) 1 Año Única Dosis,0.7225,IndicatorState1,0,49.99,80,89.99,90,94.99,0.7225,72.25,Baja
88,Archipiélago de San Andrés Providencia y Santa Catalina,2020,TV - Sarampión-Rubéola-Paperas (TV) 1 Año Única Dosis,0.7561,IndicatorState1,0,49.99,80,89.99,90,94.99,0.7561,75.61,Baja
91,Amazonas,2020,TV - Sarampión-Rubéola-Paperas (TV) 1 Año Única Dosis,0.7329,IndicatorState1,0,49.99,80,89.99,90,94.99,0.7329,73.29,Baja
94,Guainía,2020,TV - Sarampión-Rubéola-Paperas (TV) 1 Año Única Dosis,0.7291,IndicatorState1,0,49.99,80,89.99,90,94.99,0.7291,72.91,Baja
95,Guaviare,2020,TV - Sarampión-Rubéola-Paperas (TV) 1 Año Única Dosis,0.7362,IndicatorState1,0,49.99,80,89.99,90,94.99,0.7362,73.61999999999999,Baja
97,Vaupés,2020,TV - Sarampión-Rubéola-Paperas (TV) 1 Año Única Dosis,0.5304,IndicatorState1,0,49.99,80,89.99,90,94.99,0.5304,53.04,Baja
99,Vichada,2020,TV - Sarampión-Rubéola-Paperas (TV) 1 Año Única Dosis,0.5865,IndicatorState1,0,49.99,80,89.99,90,94.99,0.5865,58.650000000000006,Baja
5,Antioquia,2020,TV.R - Sarampión-Rubéola-Paperas (TV) 5 Años Refuerzo,0.7584,IndicatorState1,0,49.99,80,89.99,90,94.99,0.7584,75.84,Baja
8,Atlántico,2020,TV.R - Sarampión-Rubéola-Paperas (TV) 5 Años Refuerzo,0.9176,ThreeSymbolUnCircledCheck,0,49.99,80,89.99,90,94.99,0.9176,91.75999999999999,Adecuada
11,Bogotá  D.C.,2020,TV.R - Sarampión-Rubéola-Paperas (TV) 5 Años Refuerzo,0.9696,IndicatorState2,0,49.99,80,89.99,90,94.99,0.9696,96.96000000000001,Alta
13,Bolívar,2020,TV.R - Sarampión-Rubéola-Paperas (TV) 5 Años Refuerzo,0.8293,ThreeSymbolUnCircledExclamation,0,49.99,80,89.99,90,94.99,0.8293,82.93,Media
15,Boyacá,2020,TV.R - Sarampión-Rubéola-Paperas (TV) 5 Años Refuerzo,0.8751,ThreeSymbolUnCircledExclamation,0,49.99,80,89.99,90,94.99,0.8751,87.51,Media
17,Caldas,2020,TV.R - Sarampión-Rubéola-Paperas (TV) 5 Años Refuerzo,0.7238,IndicatorState1,0,49.99,80,89.99,90,94.99,0.7238,72.38,Baja
18,Caquetá,2020,TV.R - Sarampión-Rubéola-Paperas (TV) 5 Años Refuerzo,0.7482,IndicatorState1,0,49.99,80,89.99,90,94.99,0.7482,74.82,Baja
19,Cauca,2020,TV.R - Sarampión-Rubéola-Paperas (TV) 5 Años Refuerzo,0.8221,ThreeSymbolUnCircledExclamation,0,49.99,80,89.99,90,94.99,0.8221,82.21000000000001,Media
20,Cesar,2020,TV.R - Sarampión-Rubéola-Paperas (TV) 5 Años Refuerzo,0.8084,ThreeSymbolUnCircledExclamation,0,49.99,80,89.99,90,94.99,0.8084,80.84,Media
23,Córdoba,2020,TV.R - Sarampión-Rubéola-Paperas (TV) 5 Años Refuerzo,0.7773,IndicatorState1,0,49.99,80,89.99,90,94.99,0.7773,77.73,Baja
25,Cundinamarca,2020,TV.R - Sarampión-Rubéola-Paperas (TV) 5 Años Refuerzo,0.7543,IndicatorState1,0,49.99,80,89.99,90,94.99,0.7543,75.42999999999999,Baja
27,Chocó,2020,TV.R - Sarampión-Rubéola-Paperas (TV) 5 Años Refuerzo,0.6511,IndicatorState1,0,49.99,80,89.99,90,94.99,0.6511,65.11,Baja
41,Huila,2020,TV.R - Sarampión-Rubéola-Paperas (TV) 5 Años Refuerzo,0.8891,ThreeSymbolUnCircledExclamation,0,49.99,80,89.99,90,94.99,0.8891,88.91,Media
44,La Guajira,2020,TV.R - Sarampión-Rubéola-Paperas (TV) 5 Años Refuerzo,0.747,IndicatorState1,0,49.99,80,89.99,90,94.99,0.747,74.7,Baja
47,Magdalena,2020,TV.R - Sarampión-Rubéola-Paperas (TV) 5 Años Refuerzo,0.8251,ThreeSymbolUnCircledExclamation,0,49.99,80,89.99,90,94.99,0.8251,82.50999999999999,Media
50,Meta,2020,TV.R - Sarampión-Rubéola-Paperas (TV) 5 Años Refuerzo,0.8188,ThreeSymbolUnCircledExclamation,0,49.99,80,89.99,90,94.99,0.8188,81.88,Media
52,Nariño,2020,TV.R - Sarampión-Rubéola-Paperas (TV) 5 Años Refuerzo,0.7395,IndicatorState1,0,49.99,80,89.99,90,94.99,0.7395,73.95,Baja
54,Norte de Santander,2020,TV.R - Sarampión-Rubéola-Paperas (TV) 5 Años Refuerzo,0.7091,IndicatorState1,0,49.99,80,89.99,90,94.99,0.7091,70.91,Baja
63,Quindio,2020,TV.R - Sarampión-Rubéola-Paperas (TV) 5 Años Refuerzo,0.8647,ThreeSymbolUnCircledExclamation,0,49.99,80,89.99,90,94.99,0.8647,86.47,Media
66,Risaralda,2020,TV.R - Sarampión-Rubéola-Paperas (TV) 5 Años Refuerzo,0.828,ThreeSymbolUnCircledExclamation,0,49.99,80,89.99,90,94.99,0.828,82.8,Media
68,Santander,2020,TV.R - Sarampión-Rubéola-Paperas (TV) 5 Años Refuerzo,0.8047,ThreeSymbolUnCircledExclamation,0,49.99,80,89.99,90,94.99,0.8047,80.47,Media
70,Sucre,2020,TV.R - Sarampión-Rubéola-Paperas (TV) 5 Años Refuerzo,0.8527,ThreeSymbolUnCircledExclamation,0,49.99,80,89.99,90,94.99,0.8527,85.27,Media
73,Tolima,2020,TV.R - Sarampión-Rubéola-Paperas (TV) 5 Años Refuerzo,0.9018,ThreeSymbolUnCircledCheck,0,49.99,80,89.99,90,94.99,0.9018,90.18,Adecuada
76,Valle del Cauca,2020,TV.R - Sarampión-Rubéola-Paperas (TV) 5 Años Refuerzo,0.8053,ThreeSymbolUnCircledExclamation,0,49.99,80,89.99,90,94.99,0.8053,80.53,Media
81,Arauca,2020,TV.R - Sarampión-Rubéola-Paperas (TV) 5 Años Refuerzo,0.7726,IndicatorState1,0,49.99,80,89.99,90,94.99,0.7726,77.25999999999999,Baja
85,Casanare,2020,TV.R - Sarampión-Rubéola-Paperas (TV) 5 Años Refuerzo,0.8576,ThreeSymbolUnCircledExclamation,0,49.99,80,89.99,90,94.99,0.8576,85.76,Media
86,Putumayo,2020,TV.R - Sarampión-Rubéola-Paperas (TV) 5 Años Refuerzo,0.7401,IndicatorState1,0,49.99,80,89.99,90,94.99,0.7401,74.00999999999999,Baja
44,La Guajira,2022,PENTA3,0.9681,IndicatorState2,0,49.99,80,89.99,90,94.99,0.9681,96.81,Alta
47,Magdalena,2022,PENTA3,0.9263,ThreeSymbolUnCircledCheck,0,49.99,80,89.99,90,94.99,0.9263,92.63,Adecuada
50,Meta,2022,PENTA3,0.8559,ThreeSymbolUnCircledExclamation,0,49.99,80,89.99,90,94.99,0.8559,85.59,Media
52,Nariño,2022,PENTA3,0.7952,IndicatorState1,0,49.99,80,89.99,90,94.99,0.7952,79.52,Baja
88,Archipiélago de San Andrés Providencia y Santa Catalina,2020,TV.R - Sarampión-Rubéola-Paperas (TV) 5 Años Refuerzo,0.7528,IndicatorState1,0,49.99,80,89.99,90,94.99,0.7528,75.28,Baja
91,Amazonas,2020,TV.R - Sarampión-Rubéola-Paperas (TV) 5 Años Refuerzo,0.8029,ThreeSymbolUnCircledExclamation,0,49.99,80,89.99,90,94.99,0.8029,80.28999999999999,Media
94,Guainía,2020,TV.R - Sarampión-Rubéola-Paperas (TV) 5 Años Refuerzo,0.6083,IndicatorState1,0,49.99,80,89.99,90,94.99,0.6083,60.83,Baja
95,Guaviare,2020,TV.R - Sarampión-Rubéola-Paperas (TV) 5 Años Refuerzo,0.6674,IndicatorState1,0,49.99,80,89.99,90,94.99,0.6674,66.74,Baja
97,Vaupés,2020,TV.R - Sarampión-Rubéola-Paperas (TV) 5 Años Refuerzo,0.4502,ThreeSymbolUnCircledCross,0,49.99,80,89.99,90,94.99,0.4502,45.019999999999996,Muy baja
99,Vichada,2020,TV.R - Sarampión-Rubéola-Paperas (TV) 5 Años Refuerzo,0.4555,ThreeSymbolUnCircledCross,0,49.99,80,89.99,90,94.99,0.4555,45.550000000000004,Muy baja
5,Antioquia,2021,BCG - Antituberculosa Recién Nacido,0.8956,ThreeSymbolUnCircledExclamation,0,49.99,80,89.99,90,94.99,0.8956,89.56,Media
8,Atlántico,2021,BCG - Antituberculosa Recién Nacido,0.9949,IndicatorState2,0,49.99,80,89.99,90,94.99,0.9949,99.49,Alta
11,Bogotá  D.C.,2021,BCG - Antituberculosa Recién Nacido,0.8377,ThreeSymbolUnCircledExclamation,0,49.99,80,89.99,90,94.99,0.8377,83.77,Media
13,Bolívar,2021,BCG - Antituberculosa Recién Nacido,0.7566,IndicatorState1,0,49.99,80,89.99,90,94.99,0.7566,75.66000000000001,Baja
15,Boyacá,2021,BCG - Antituberculosa Recién Nacido,0.8898,ThreeSymbolUnCircledExclamation,0,49.99,80,89.99,90,94.99,0.8898,88.98,Media
17,Caldas,2021,BCG - Antituberculosa Recién Nacido,0.8496,ThreeSymbolUnCircledExclamation,0,49.99,80,89.99,90,94.99,0.8496,84.96000000000001,Media
18,Caquetá,2021,BCG - Antituberculosa Recién Nacido,1.0146,IndicatorState3,0,49.99,80,89.99,90,94.99,1.0146,101.46,Alta
19,Cauca,2021,BCG - Antituberculosa Recién Nacido,0.784,IndicatorState1,0,49.99,80,89.99,90,94.99,0.784,78.4,Baja
20,Cesar,2021,BCG - Antituberculosa Recién Nacido,0.9877,IndicatorState2,0,49.99,80,89.99,90,94.99,0.9877,98.77,Alta
23,Córdoba,2021,BCG - Antituberculosa Recién Nacido,0.8749,ThreeSymbolUnCircledExclamation,0,49.99,80,89.99,90,94.99,0.8749,87.49,Media
25,Cundinamarca,2021,BCG - Antituberculosa Recién Nacido,0.3857,ThreeSymbolUnCircledCross,0,49.99,80,89.99,90,94.99,0.3857,38.57,Muy baja
27,Chocó,2021,BCG - Antituberculosa Recién Nacido,0.9512,IndicatorState2,0,49.99,80,89.99,90,94.99,0.9512,95.12,Alta
41,Huila,2021,BCG - Antituberculosa Recién Nacido,0.9842,IndicatorState2,0,49.99,80,89.99,90,94.99,0.9842,98.42,Alta
44,La Guajira,2021,BCG - Antituberculosa Recién Nacido,1.1342,IndicatorState3,0,49.99,80,89.99,90,94.99,1.1342,113.42000000000002,Alta
47,Magdalena,2021,BCG - Antituberculosa Recién Nacido,0.9246,ThreeSymbolUnCircledCheck,0,49.99,80,89.99,90,94.99,0.9246,92.46,Adecuada
50,Meta,2021,BCG - Antituberculosa Recién Nacido,0.9918,IndicatorState2,0,49.99,80,89.99,90,94.99,0.9918,99.18,Alta
52,Nariño,2021,BCG - Antituberculosa Recién Nacido,0.8541,ThreeSymbolUnCircledExclamation,0,49.99,80,89.99,90,94.99,0.8541,85.41,Media
54,Norte de Santander,2021,BCG - Antituberculosa Recién Nacido,0.958,IndicatorState2,0,49.99,80,89.99,90,94.99,0.958,95.8,Alta
63,Quindio,2021,BCG - Antituberculosa Recién Nacido,1.0268,IndicatorState3,0,49.99,80,89.99,90,94.99,1.0268,102.67999999999999,Alta
66,Risaralda,2021,BCG - Antituberculosa Recién Nacido,0.9875,IndicatorState2,0,49.99,80,89.99,90,94.99,0.9875,98.75,Alta
68,Santander,2021,BCG - Antituberculosa Recién Nacido,0.849,ThreeSymbolUnCircledExclamation,0,49.99,80,89.99,90,94.99,0.849,84.89999999999999,Media
70,Sucre,2021,BCG - Antituberculosa Recién Nacido,0.9987,IndicatorState2,0,49.99,80,89.99,90,94.99,0.9987,99.87,Alta
73,Tolima,2021,BCG - Antituberculosa Recién Nacido,0.8522,ThreeSymbolUnCircledExclamation,0,49.99,80,89.99,90,94.99,0.8522,85.22,Media
76,Valle del Cauca,2021,BCG - Antituberculosa Recién Nacido,0.7975,IndicatorState1,0,49.99,80,89.99,90,94.99,0.7975,79.75,Baja
81,Arauca,2021,BCG - Antituberculosa Recién Nacido,1.1094,IndicatorState3,0,49.99,80,89.99,90,94.99,1.1094,110.94,Alta
85,Casanare,2021,BCG - Antituberculosa Recién Nacido,0.9467,ThreeSymbolUnCircledCheck,0,49.99,80,89.99,90,94.99,0.9467,94.67,Adecuada
86,Putumayo,2021,BCG - Antituberculosa Recién Nacido,0.8992,ThreeSymbolUnCircledExclamation,0,49.99,80,89.99,90,94.99,0.8992,89.92,Media
88,Archipiélago de San Andrés  Providencia y Santa Catalina,2021,BCG - Antituberculosa Recién Nacido,0.7953,IndicatorState1,0,49.99,80,89.99,90,94.99,0.7953,79.53,Baja
91,Amazonas,2021,BCG - Antituberculosa Recién Nacido,0.687,IndicatorState1,0,49.99,80,89.99,90,94.99,0.687,68.7,Baja
94,Guainía,2021,BCG - Antituberculosa Recién Nacido,1.4046,IndicatorState3,0,49.99,80,89.99,90,94.99,1.4046,140.46,Alta
95,Guaviare,2021,BCG - Antituberculosa Recién Nacido,0.9725,IndicatorState2,0,49.99,80,89.99,90,94.99,0.9725,97.25,Alta
97,Vaupés,2021,BCG - Antituberculosa Recién Nacido,1.0249,IndicatorState3,0,49.99,80,89.99,90,94.99,1.0249,102.49,Alta
99,Vichada,2021,BCG - Antituberculosa Recién Nacido,0.7945,IndicatorState1,0,49.99,80,89.99,90,94.99,0.7945,79.45,Baja
5,Antioquia,2021,PENTA3 - Pentavalente Menor a 1 Año 3a. Dosis,0.8535,ThreeSymbolUnCircledExclamation,0,49.99,80,89.99,90,94.99,0.8535,85.35000000000001,Media
8,Atlántico,2021,PENTA3 - Pentavalente Menor a 1 Año 3a. Dosis,0.9844,IndicatorState2,0,49.99,80,89.99,90,94.99,0.9844,98.44000000000001,Alta
11,Bogotá D.C.,2021,PENTA3 - Pentavalente Menor a 1 Año 3a. Dosis,0.7367,IndicatorState1,0,49.99,80,89.99,90,94.99,0.7367,73.67,Baja
13,Bolívar,2021,PENTA3 - Pentavalente Menor a 1 Año 3a. Dosis,0.9012,ThreeSymbolUnCircledCheck,0,49.99,80,89.99,90,94.99,0.9012,90.12,Adecuada
15,Boyacá,2021,PENTA3 - Pentavalente Menor a 1 Año 3a. Dosis,0.8932,ThreeSymbolUnCircledExclamation,0,49.99,80,89.99,90,94.99,0.8932,89.32,Media
17,Caldas,2021,PENTA3 - Pentavalente Menor a 1 Año 3a. Dosis,0.8521,ThreeSymbolUnCircledExclamation,0,49.99,80,89.99,90,94.99,0.8521,85.21,Media
18,Caquetá,2021,PENTA3 - Pentavalente Menor a 1 Año 3a. Dosis,0.8864,ThreeSymbolUnCircledExclamation,0,49.99,80,89.99,90,94.99,0.8864,88.64,Media
19,Cauca,2021,PENTA3 - Pentavalente Menor a 1 Año 3a. Dosis,0.8916,ThreeSymbolUnCircledExclamation,0,49.99,80,89.99,90,94.99,0.8916,89.16,Media
20,Cesar,2021,PENTA3 - Pentavalente Menor a 1 Año 3a. Dosis,0.9309,ThreeSymbolUnCircledCheck,0,49.99,80,89.99,90,94.99,0.9309,93.08999999999999,Adecuada
23,Córdoba,2021,PENTA3 - Pentavalente Menor a 1 Año 3a. Dosis,0.8837,ThreeSymbolUnCircledExclamation,0,49.99,80,89.99,90,94.99,0.8837,88.37,Media
25,Cundinamarca,2021,PENTA3 - Pentavalente Menor a 1 Año 3a. Dosis,0.9015,ThreeSymbolUnCircledCheck,0,49.99,80,89.99,90,94.99,0.9015,90.14999999999999,Adecuada
27,Chocó,2021,PENTA3 - Pentavalente Menor a 1 Año 3a. Dosis,0.797,IndicatorState1,0,49.99,80,89.99,90,94.99,0.797,79.7,Baja
41,Huila,2021,PENTA3 - Pentavalente Menor a 1 Año 3a. Dosis,0.8834,ThreeSymbolUnCircledExclamation,0,49.99,80,89.99,90,94.99,0.8834,88.34,Media
44,La Guajira,2021,PENTA3 - Pentavalente Menor a 1 Año 3a. Dosis,0.904,ThreeSymbolUnCircledCheck,0,49.99,80,89.99,90,94.99,0.904,90.4,Adecuada
47,Magdalena,2021,PENTA3 - Pentavalente Menor a 1 Año 3a. Dosis,0.9402,ThreeSymbolUnCircledCheck,0,49.99,80,89.99,90,94.99,0.9402,94.02000000000001,Adecuada
50,Meta,2021,PENTA3 - Pentavalente Menor a 1 Año 3a. Dosis,0.8844,ThreeSymbolUnCircledExclamation,0,49.99,80,89.99,90,94.99,0.8844,88.44,Media
52,Nariño,2021,PENTA3 - Pentavalente Menor a 1 Año 3a. Dosis,0.8295,ThreeSymbolUnCircledExclamation,0,49.99,80,89.99,90,94.99,0.8295,82.95,Media
54,Norte de Santander,2021,PENTA3 - Pentavalente Menor a 1 Año 3a. Dosis,0.9157,ThreeSymbolUnCircledCheck,0,49.99,80,89.99,90,94.99,0.9157,91.57,Adecuada
63,Quindio,2021,PENTA3 - Pentavalente Menor a 1 Año 3a. Dosis,0.9068,ThreeSymbolUnCircledCheck,0,49.99,80,89.99,90,94.99,0.9068,90.68,Adecuada
66,Risaralda,2021,PENTA3 - Pentavalente Menor a 1 Año 3a. Dosis,0.9312,ThreeSymbolUnCircledCheck,0,49.99,80,89.99,90,94.99,0.9312,93.12,Adecuada
68,Santander,2021,PENTA3 - Pentavalente Menor a 1 Año 3a. Dosis,0.8391,ThreeSymbolUnCircledExclamation,0,49.99,80,89.99,90,94.99,0.8391,83.91,Media
70,Sucre,2021,PENTA3 - Pentavalente Menor a 1 Año 3a. Dosis,0.969,IndicatorState2,0,49.99,80,89.99,90,94.99,0.969,96.89999999999999,Alta
73,Tolima,2021,PENTA3 - Pentavalente Menor a 1 Año 3a. Dosis,0.9052,ThreeSymbolUnCircledCheck,0,49.99,80,89.99,90,94.99,0.9052,90.52,Adecuada
76,Valle del Cauca,2021,PENTA3 - Pentavalente Menor a 1 Año 3a. Dosis,0.7846,IndicatorState1,0,49.99,80,89.99,90,94.99,0.7846,78.46,Baja
81,Arauca,2021,PENTA3 - Pentavalente Menor a 1 Año 3a. Dosis,0.9673,IndicatorState2,0,49.99,80,89.99,90,94.99,0.9673,96.73,Alta
85,Casanare,2021,PENTA3 - Pentavalente Menor a 1 Año 3a. Dosis,1.0162,IndicatorState3,0,49.99,80,89.99,90,94.99,1.0162,101.62,Alta
86,Putumayo,2021,PENTA3 - Pentavalente Menor a 1 Año 3a. Dosis,1.0006,IndicatorState3,0,49.99,80,89.99,90,94.99,1.0006,100.05999999999999,Alta
88,Archipiélago de San Andrés  Providencia y Santa Catalina,2021,PENTA3 - Pentavalente Menor a 1 Año 3a. Dosis,0.807,ThreeSymbolUnCircledExclamation,0,49.99,80,89.99,90,94.99,0.807,80.7,Media
91,Amazonas,2021,PENTA3 - Pentavalente Menor a 1 Año 3a. Dosis,0.6778,IndicatorState1,0,49.99,80,89.99,90,94.99,0.6778,67.78,Baja
94,Guainía,2021,PENTA3 - Pentavalente Menor a 1 Año 3a. Dosis,0.96,IndicatorState2,0,49.99,80,89.99,90,94.99,0.96,96.0,Alta
95,Guaviare,2021,PENTA3 - Pentavalente Menor a 1 Año 3a. Dosis,0.8824,ThreeSymbolUnCircledExclamation,0,49.99,80,89.99,90,94.99,0.8824,88.24,Media
97,Vaupés,2021,PENTA3 - Pentavalente Menor a 1 Año 3a. Dosis,0.7334,IndicatorState1,0,49.99,80,89.99,90,94.99,0.7334,73.34,Baja
99,Vichada,2021,PENTA3 - Pentavalente Menor a 1 Año 3a. Dosis,0.5847,IndicatorState1,0,49.99,80,89.99,90,94.99,0.5847,58.47,Baja
5,Antioquia,2021,N2D - Neumococo Mayor a 1 Año 2a. Dosis,0.0,ThreeSymbolUnCircledCross,0,49.99,80,89.99,90,94.99,0.0,0.0,Muy baja
8,Atlántico,2021,N2D - Neumococo Mayor a 1 Año 2a. Dosis,0.0,ThreeSymbolUnCircledCross,0,49.99,80,89.99,90,94.99,0.0,0.0,Muy baja
11,Bogotá  D.C.,2021,N2D - Neumococo Mayor a 1 Año 2a. Dosis,0.0,ThreeSymbolUnCircledCross,0,49.99,80,89.99,90,94.99,0.0,0.0,Muy baja
13,Bolívar,2021,N2D - Neumococo Mayor a 1 Año 2a. Dosis,0.0,ThreeSymbolUnCircledCross,0,49.99,80,89.99,90,94.99,0.0,0.0,Muy baja
15,Boyacá,2021,N2D - Neumococo Mayor a 1 Año 2a. Dosis,0.0,ThreeSymbolUnCircledCross,0,49.99,80,89.99,90,94.99,0.0,0.0,Muy baja
17,Caldas,2021,N2D - Neumococo Mayor a 1 Año 2a. Dosis,0.0,ThreeSymbolUnCircledCross,0,49.99,80,89.99,90,94.99,0.0,0.0,Muy baja
18,Caquetá,2021,N2D - Neumococo Mayor a 1 Año 2a. Dosis,0.0,ThreeSymbolUnCircledCross,0,49.99,80,89.99,90,94.99,0.0,0.0,Muy baja
19,Cauca,2021,N2D - Neumococo Mayor a 1 Año 2a. Dosis,0.0,ThreeSymbolUnCircledCross,0,49.99,80,89.99,90,94.99,0.0,0.0,Muy baja
20,Cesar,2021,N2D - Neumococo Mayor a 1 Año 2a. Dosis,0.0,ThreeSymbolUnCircledCross,0,49.99,80,89.99,90,94.99,0.0,0.0,Muy baja
23,Córdoba,2021,N2D - Neumococo Mayor a 1 Año 2a. Dosis,0.0,ThreeSymbolUnCircledCross,0,49.99,80,89.99,90,94.99,0.0,0.0,Muy baja
25,Cundinamarca,2021,N2D - Neumococo Mayor a 1 Año 2a. Dosis,0.0,ThreeSymbolUnCircledCross,0,49.99,80,89.99,90,94.99,0.0,0.0,Muy baja
27,Chocó,2021,N2D - Neumococo Mayor a 1 Año 2a. Dosis,0.0,ThreeSymbolUnCircledCross,0,49.99,80,89.99,90,94.99,0.0,0.0,Muy baja
41,Huila,2021,N2D - Neumococo Mayor a 1 Año 2a. Dosis,0.0,ThreeSymbolUnCircledCross,0,49.99,80,89.99,90,94.99,0.0,0.0,Muy baja
44,La Guajira,2021,N2D - Neumococo Mayor a 1 Año 2a. Dosis,0.0,ThreeSymbolUnCircledCross,0,49.99,80,89.99,90,94.99,0.0,0.0,Muy baja
47,Magdalena,2021,N2D - Neumococo Mayor a 1 Año 2a. Dosis,0.0,ThreeSymbolUnCircledCross,0,49.99,80,89.99,90,94.99,0.0,0.0,Muy baja
50,Meta,2021,N2D - Neumococo Mayor a 1 Año 2a. Dosis,0.0,ThreeSymbolUnCircledCross,0,49.99,80,89.99,90,94.99,0.0,0.0,Muy baja
52,Nariño,2021,N2D - Neumococo Mayor a 1 Año 2a. Dosis,0.0,ThreeSymbolUnCircledCross,0,49.99,80,89.99,90,94.99,0.0,0.0,Muy baja
54,Norte de Santander,2021,N2D - Neumococo Mayor a 1 Año 2a. Dosis,0.0,ThreeSymbolUnCircledCross,0,49.99,80,89.99,90,94.99,0.0,0.0,Muy baja
63,Quindio,2021,N2D - Neumococo Mayor a 1 Año 2a. Dosis,0.0,ThreeSymbolUnCircledCross,0,49.99,80,89.99,90,94.99,0.0,0.0,Muy baja
66,Risaralda,2021,N2D - Neumococo Mayor a 1 Año 2a. Dosis,0.0,ThreeSymbolUnCircledCross,0,49.99,80,89.99,90,94.99,0.0,0.0,Muy baja
68,Santander,2021,N2D - Neumococo Mayor a 1 Año 2a. Dosis,0.0,ThreeSymbolUnCircledCross,0,49.99,80,89.99,90,94.99,0.0,0.0,Muy baja
70,Sucre,2021,N2D - Neumococo Mayor a 1 Año 2a. Dosis,0.0,ThreeSymbolUnCircledCross,0,49.99,80,89.99,90,94.99,0.0,0.0,Muy baja
73,Tolima,2021,N2D - Neumococo Mayor a 1 Año 2a. Dosis,0.0,ThreeSymbolUnCircledCross,0,49.99,80,89.99,90,94.99,0.0,0.0,Muy baja
76,Valle del Cauca,2021,N2D - Neumococo Mayor a 1 Año 2a. Dosis,0.0,ThreeSymbolUnCircledCross,0,49.99,80,89.99,90,94.99,0.0,0.0,Muy baja
81,Arauca,2021,N2D - Neumococo Mayor a 1 Año 2a. Dosis,0.0,ThreeSymbolUnCircledCross,0,49.99,80,89.99,90,94.99,0.0,0.0,Muy baja
85,Casanare,2021,N2D - Neumococo Mayor a 1 Año 2a. Dosis,0.0,ThreeSymbolUnCircledCross,0,49.99,80,89.99,90,94.99,0.0,0.0,Muy baja
86,Putumayo,2021,N2D - Neumococo Mayor a 1 Año 2a. Dosis,0.0,ThreeSymbolUnCircledCross,0,49.99,80,89.99,90,94.99,0.0,0.0,Muy baja
88,Archipiélago de San Andrés  Providencia y Santa Catalina,2021,N2D - Neumococo Mayor a 1 Año 2a. Dosis,0.0,ThreeSymbolUnCircledCross,0,49.99,80,89.99,90,94.99,0.0,0.0,Muy baja
91,Amazonas,2021,N2D - Neumococo Mayor a 1 Año 2a. Dosis,0.0,ThreeSymbolUnCircledCross,0,49.99,80,89.99,90,94.99,0.0,0.0,Muy baja
94,Guainía,2021,N2D - Neumococo Mayor a 1 Año 2a. Dosis,0.0,ThreeSymbolUnCircledCross,0,49.99,80,89.99,90,94.99,0.0,0.0,Muy baja
95,Guaviare,2021,N2D - Neumococo Mayor a 1 Año 2a. Dosis,0.0,ThreeSymbolUnCircledCross,0,49.99,80,89.99,90,94.99,0.0,0.0,Muy baja
97,Vaupés,2021,N2D - Neumococo Mayor a 1 Año 2a. Dosis,0.0,ThreeSymbolUnCircledCross,0,49.99,80,89.99,90,94.99,0.0,0.0,Muy baja
99,Vichada,2021,N2D - Neumococo Mayor a 1 Año 2a. Dosis,0.0,ThreeSymbolUnCircledCross,0,49.99,80,89.99,90,94.99,0.0,0.0,Muy baja
5,Antioquia,2021,TV - Sarampión-Rubéola-Paperas (TV) 1 Año Única Dosis,0.841,ThreeSymbolUnCircledExclamation,0,49.99,80,89.99,90,94.99,0.841,84.1,Media
8,Atlántico,2021,TV - Sarampión-Rubéola-Paperas (TV) 1 Año Única Dosis,0.9575,IndicatorState2,0,49.99,80,89.99,90,94.99,0.9575,95.75,Alta
11,Bogotá  D.C.,2021,TV - Sarampión-Rubéola-Paperas (TV) 1 Año Única Dosis,0.7791,IndicatorState1,0,49.99,80,89.99,90,94.99,0.7791,77.91,Baja
13,Bolívar,2021,TV - Sarampión-Rubéola-Paperas (TV) 1 Año Única Dosis,0.8637,ThreeSymbolUnCircledExclamation,0,49.99,80,89.99,90,94.99,0.8637,86.37,Media
15,Boyacá,2021,TV - Sarampión-Rubéola-Paperas (TV) 1 Año Única Dosis,0.8914,ThreeSymbolUnCircledExclamation,0,49.99,80,89.99,90,94.99,0.8914,89.14,Media
17,Caldas,2021,TV - Sarampión-Rubéola-Paperas (TV) 1 Año Única Dosis,0.7875,IndicatorState1,0,49.99,80,89.99,90,94.99,0.7875,78.75,Baja
18,Caquetá,2021,TV - Sarampión-Rubéola-Paperas (TV) 1 Año Única Dosis,0.8713,ThreeSymbolUnCircledExclamation,0,49.99,80,89.99,90,94.99,0.8713,87.13,Media
19,Cauca,2021,TV - Sarampión-Rubéola-Paperas (TV) 1 Año Única Dosis,0.8725,ThreeSymbolUnCircledExclamation,0,49.99,80,89.99,90,94.99,0.8725,87.25,Media
20,Cesar,2021,TV - Sarampión-Rubéola-Paperas (TV) 1 Año Única Dosis,0.9214,ThreeSymbolUnCircledCheck,0,49.99,80,89.99,90,94.99,0.9214,92.14,Adecuada
23,Córdoba,2021,TV - Sarampión-Rubéola-Paperas (TV) 1 Año Única Dosis,0.8645,ThreeSymbolUnCircledExclamation,0,49.99,80,89.99,90,94.99,0.8645,86.45,Media
25,Cundinamarca,2021,TV - Sarampión-Rubéola-Paperas (TV) 1 Año Única Dosis,0.8946,ThreeSymbolUnCircledExclamation,0,49.99,80,89.99,90,94.99,0.8946,89.46,Media
27,Chocó,2021,TV - Sarampión-Rubéola-Paperas (TV) 1 Año Única Dosis,0.9253,ThreeSymbolUnCircledCheck,0,49.99,80,89.99,90,94.99,0.9253,92.53,Adecuada
41,Huila,2021,TV - Sarampión-Rubéola-Paperas (TV) 1 Año Única Dosis,0.8691,ThreeSymbolUnCircledExclamation,0,49.99,80,89.99,90,94.99,0.8691,86.91,Media
44,La Guajira,2021,TV - Sarampión-Rubéola-Paperas (TV) 1 Año Única Dosis,0.9473,ThreeSymbolUnCircledCheck,0,49.99,80,89.99,90,94.99,0.9473,94.73,Adecuada
47,Magdalena,2021,TV - Sarampión-Rubéola-Paperas (TV) 1 Año Única Dosis,0.936,ThreeSymbolUnCircledCheck,0,49.99,80,89.99,90,94.99,0.936,93.60000000000001,Adecuada
50,Meta,2021,TV - Sarampión-Rubéola-Paperas (TV) 1 Año Única Dosis,0.9018,ThreeSymbolUnCircledCheck,0,49.99,80,89.99,90,94.99,0.9018,90.18,Adecuada
52,Nariño,2021,TV - Sarampión-Rubéola-Paperas (TV) 1 Año Única Dosis,0.8394,ThreeSymbolUnCircledExclamation,0,49.99,80,89.99,90,94.99,0.8394,83.94,Media
54,Norte de Santander,2021,TV - Sarampión-Rubéola-Paperas (TV) 1 Año Única Dosis,0.9272,ThreeSymbolUnCircledCheck,0,49.99,80,89.99,90,94.99,0.9272,92.72,Adecuada
63,Quindio,2021,TV - Sarampión-Rubéola-Paperas (TV) 1 Año Única Dosis,0.8849,ThreeSymbolUnCircledExclamation,0,49.99,80,89.99,90,94.99,0.8849,88.49000000000001,Media
66,Risaralda,2021,TV - Sarampión-Rubéola-Paperas (TV) 1 Año Única Dosis,0.8987,ThreeSymbolUnCircledExclamation,0,49.99,80,89.99,90,94.99,0.8987,89.87,Media
68,Santander,2021,TV - Sarampión-Rubéola-Paperas (TV) 1 Año Única Dosis,0.8485,ThreeSymbolUnCircledExclamation,0,49.99,80,89.99,90,94.99,0.8485,84.85000000000001,Media
70,Sucre,2021,TV - Sarampión-Rubéola-Paperas (TV) 1 Año Única Dosis,0.8989,ThreeSymbolUnCircledExclamation,0,49.99,80,89.99,90,94.99,0.8989,89.89,Media
73,Tolima,2021,TV - Sarampión-Rubéola-Paperas (TV) 1 Año Única Dosis,0.8831,ThreeSymbolUnCircledExclamation,0,49.99,80,89.99,90,94.99,0.8831,88.31,Media
76,Valle del Cauca,2021,TV - Sarampión-Rubéola-Paperas (TV) 1 Año Única Dosis,0.7941,IndicatorState1,0,49.99,80,89.99,90,94.99,0.7941,79.41,Baja
81,Arauca,2021,TV - Sarampión-Rubéola-Paperas (TV) 1 Año Única Dosis,0.9455,ThreeSymbolUnCircledCheck,0,49.99,80,89.99,90,94.99,0.9455,94.55,Adecuada
85,Casanare,2021,TV - Sarampión-Rubéola-Paperas (TV) 1 Año Única Dosis,0.9582,IndicatorState2,0,49.99,80,89.99,90,94.99,0.9582,95.82000000000001,Alta
86,Putumayo,2021,TV - Sarampión-Rubéola-Paperas (TV) 1 Año Única Dosis,0.9504,IndicatorState2,0,49.99,80,89.99,90,94.99,0.9504,95.04,Alta
88,Archipiélago de San Andrés  Providencia y Santa Catalina,2021,TV - Sarampión-Rubéola-Paperas (TV) 1 Año Única Dosis,0.8272,ThreeSymbolUnCircledExclamation,0,49.99,80,89.99,90,94.99,0.8272,82.72,Media
91,Amazonas,2021,TV - Sarampión-Rubéola-Paperas (TV) 1 Año Única Dosis,0.6551,IndicatorState1,0,49.99,80,89.99,90,94.99,0.6551,65.51,Baja
94,Guainía,2021,TV - Sarampión-Rubéola-Paperas (TV) 1 Año Única Dosis,0.9299,ThreeSymbolUnCircledCheck,0,49.99,80,89.99,90,94.99,0.9299,92.99,Adecuada
95,Guaviare,2021,TV - Sarampión-Rubéola-Paperas (TV) 1 Año Única Dosis,0.9106,ThreeSymbolUnCircledCheck,0,49.99,80,89.99,90,94.99,0.9106,91.06,Adecuada
97,Vaupés,2021,TV - Sarampión-Rubéola-Paperas (TV) 1 Año Única Dosis,0.7908,IndicatorState1,0,49.99,80,89.99,90,94.99,0.7908,79.08,Baja
99,Vichada,2021,TV - Sarampión-Rubéola-Paperas (TV) 1 Año Única Dosis,0.7388,IndicatorState1,0,49.99,80,89.99,90,94.99,0.7388,73.88,Baja
5,Antioquia,2021,TV.R - Sarampión-Rubéola-Paperas (TV) 5 Años Refuerzo,0.8022,ThreeSymbolUnCircledExclamation,0,49.99,80,89.99,90,94.99,0.8022,80.22,Media
8,Atlántico,2021,TV.R - Sarampión-Rubéola-Paperas (TV) 5 Años Refuerzo,0.9159,ThreeSymbolUnCircledCheck,0,49.99,80,89.99,90,94.99,0.9159,91.59,Adecuada
11,Bogotá  D.C.,2021,TV.R - Sarampión-Rubéola-Paperas (TV) 5 Años Refuerzo,0.9259,ThreeSymbolUnCircledCheck,0,49.99,80,89.99,90,94.99,0.9259,92.58999999999999,Adecuada
13,Bolívar,2021,TV.R - Sarampión-Rubéola-Paperas (TV) 5 Años Refuerzo,0.8082,ThreeSymbolUnCircledExclamation,0,49.99,80,89.99,90,94.99,0.8082,80.82000000000001,Media
15,Boyacá,2021,TV.R - Sarampión-Rubéola-Paperas (TV) 5 Años Refuerzo,0.9256,ThreeSymbolUnCircledCheck,0,49.99,80,89.99,90,94.99,0.9256,92.56,Adecuada
17,Caldas,2021,TV.R - Sarampión-Rubéola-Paperas (TV) 5 Años Refuerzo,0.8734,ThreeSymbolUnCircledExclamation,0,49.99,80,89.99,90,94.99,0.8734,87.33999999999999,Media
18,Caquetá,2021,TV.R - Sarampión-Rubéola-Paperas (TV) 5 Años Refuerzo,0.8325,ThreeSymbolUnCircledExclamation,0,49.99,80,89.99,90,94.99,0.8325,83.25,Media
19,Cauca,2021,TV.R - Sarampión-Rubéola-Paperas (TV) 5 Años Refuerzo,0.869,ThreeSymbolUnCircledExclamation,0,49.99,80,89.99,90,94.99,0.869,86.9,Media
20,Cesar,2021,TV.R - Sarampión-Rubéola-Paperas (TV) 5 Años Refuerzo,0.8225,ThreeSymbolUnCircledExclamation,0,49.99,80,89.99,90,94.99,0.8225,82.25,Media
23,Córdoba,2021,TV.R - Sarampión-Rubéola-Paperas (TV) 5 Años Refuerzo,0.8661,ThreeSymbolUnCircledExclamation,0,49.99,80,89.99,90,94.99,0.8661,86.61,Media
25,Cundinamarca,2021,TV.R - Sarampión-Rubéola-Paperas (TV) 5 Años Refuerzo,0.9382,ThreeSymbolUnCircledCheck,0,49.99,80,89.99,90,94.99,0.9382,93.82000000000001,Adecuada
27,Chocó,2021,TV.R - Sarampión-Rubéola-Paperas (TV) 5 Años Refuerzo,0.715,IndicatorState1,0,49.99,80,89.99,90,94.99,0.715,71.5,Baja
41,Huila,2021,TV.R - Sarampión-Rubéola-Paperas (TV) 5 Años Refuerzo,0.939,ThreeSymbolUnCircledCheck,0,49.99,80,89.99,90,94.99,0.939,93.89999999999999,Adecuada
44,La Guajira,2021,TV.R - Sarampión-Rubéola-Paperas (TV) 5 Años Refuerzo,0.7101,IndicatorState1,0,49.99,80,89.99,90,94.99,0.7101,71.00999999999999,Baja
47,Magdalena,2021,TV.R - Sarampión-Rubéola-Paperas (TV) 5 Años Refuerzo,0.8706,ThreeSymbolUnCircledExclamation,0,49.99,80,89.99,90,94.99,0.8706,87.06,Media
50,Meta,2021,TV.R - Sarampión-Rubéola-Paperas (TV) 5 Años Refuerzo,0.8358,ThreeSymbolUnCircledExclamation,0,49.99,80,89.99,90,94.99,0.8358,83.58,Media
52,Nariño,2021,TV.R - Sarampión-Rubéola-Paperas (TV) 5 Años Refuerzo,0.8465,ThreeSymbolUnCircledExclamation,0,49.99,80,89.99,90,94.99,0.8465,84.65,Media
54,Norte de Santander,2021,TV.R - Sarampión-Rubéola-Paperas (TV) 5 Años Refuerzo,0.8673,ThreeSymbolUnCircledExclamation,0,49.99,80,89.99,90,94.99,0.8673,86.72999999999999,Media
63,Quindio,2021,TV.R - Sarampión-Rubéola-Paperas (TV) 5 Años Refuerzo,0.8759,ThreeSymbolUnCircledExclamation,0,49.99,80,89.99,90,94.99,0.8759,87.59,Media
66,Risaralda,2021,TV.R - Sarampión-Rubéola-Paperas (TV) 5 Años Refuerzo,0.8691,ThreeSymbolUnCircledExclamation,0,49.99,80,89.99,90,94.99,0.8691,86.91,Media
68,Santander,2021,TV.R - Sarampión-Rubéola-Paperas (TV) 5 Años Refuerzo,0.8507,ThreeSymbolUnCircledExclamation,0,49.99,80,89.99,90,94.99,0.8507,85.07000000000001,Media
70,Sucre,2021,TV.R - Sarampión-Rubéola-Paperas (TV) 5 Años Refuerzo,0.8924,ThreeSymbolUnCircledExclamation,0,49.99,80,89.99,90,94.99,0.8924,89.24,Media
73,Tolima,2021,TV.R - Sarampión-Rubéola-Paperas (TV) 5 Años Refuerzo,0.8892,ThreeSymbolUnCircledExclamation,0,49.99,80,89.99,90,94.99,0.8892,88.92,Media
76,Valle del Cauca,2021,TV.R - Sarampión-Rubéola-Paperas (TV) 5 Años Refuerzo,0.768,IndicatorState1,0,49.99,80,89.99,90,94.99,0.768,76.8,Baja
81,Arauca,2021,TV.R - Sarampión-Rubéola-Paperas (TV) 5 Años Refuerzo,0.9146,ThreeSymbolUnCircledCheck,0,49.99,80,89.99,90,94.99,0.9146,91.46,Adecuada
85,Casanare,2021,TV.R - Sarampión-Rubéola-Paperas (TV) 5 Años Refuerzo,0.9059,ThreeSymbolUnCircledCheck,0,49.99,80,89.99,90,94.99,0.9059,90.59,Adecuada
86,Putumayo,2021,TV.R - Sarampión-Rubéola-Paperas (TV) 5 Años Refuerzo,0.8792,ThreeSymbolUnCircledExclamation,0,49.99,80,89.99,90,94.99,0.8792,87.92,Media
88,Archipiélago de San Andrés  Providencia y Santa Catalina,2021,TV.R - Sarampión-Rubéola-Paperas (TV) 5 Años Refuerzo,0.9139,ThreeSymbolUnCircledCheck,0,49.99,80,89.99,90,94.99,0.9139,91.39,Adecuada
91,Amazonas,2021,TV.R - Sarampión-Rubéola-Paperas (TV) 5 Años Refuerzo,0.7134,IndicatorState1,0,49.99,80,89.99,90,94.99,0.7134,71.34,Baja
94,Guainía,2021,TV.R - Sarampión-Rubéola-Paperas (TV) 5 Años Refuerzo,0.8002,ThreeSymbolUnCircledExclamation,0,49.99,80,89.99,90,94.99,0.8002,80.02,Media
95,Guaviare,2021,TV.R - Sarampión-Rubéola-Paperas (TV) 5 Años Refuerzo,0.8279,ThreeSymbolUnCircledExclamation,0,49.99,80,89.99,90,94.99,0.8279,82.78999999999999,Media
97,Vaupés,2021,TV.R - Sarampión-Rubéola-Paperas (TV) 5 Años Refuerzo,0.6315,IndicatorState1,0,49.99,80,89.99,90,94.99,0.6315,63.14999999999999,Baja
99,Vichada,2021,TV.R - Sarampión-Rubéola-Paperas (TV) 5 Años Refuerzo,0.6035,IndicatorState1,0,49.99,80,89.99,90,94.99,0.6035,60.35,Baja
5,Antioquia,2022,BCG - Antituberculosa Recién Nacido,0.9059,ThreeSymbolUnCircledCheck,0,49.99,80,89.99,90,94.99,0.9059,90.59,Adecuada
8,Atlántico,2022,BCG - Antituberculosa Recién Nacido,1.0156,IndicatorState3,0,49.99,80,89.99,90,94.99,1.0156,101.56,Alta
11,Bogotá  D.C.,2022,BCG - Antituberculosa Recién Nacido,0.8508,ThreeSymbolUnCircledExclamation,0,49.99,80,89.99,90,94.99,0.8508,85.08,Media
13,Bolívar,2022,BCG - Antituberculosa Recién Nacido,0.8829,ThreeSymbolUnCircledExclamation,0,49.99,80,89.99,90,94.99,0.8829,88.29,Media
15,Boyacá,2022,BCG - Antituberculosa Recién Nacido,0.8943,ThreeSymbolUnCircledExclamation,0,49.99,80,89.99,90,94.99,0.8943,89.42999999999999,Media
17,Caldas,2022,BCG - Antituberculosa Recién Nacido,0.8784,ThreeSymbolUnCircledExclamation,0,49.99,80,89.99,90,94.99,0.8784,87.83999999999999,Media
18,Caquetá,2022,BCG - Antituberculosa Recién Nacido,0.9093,ThreeSymbolUnCircledCheck,0,49.99,80,89.99,90,94.99,0.9093,90.93,Adecuada
19,Cauca,2022,BCG - Antituberculosa Recién Nacido,0.7481,IndicatorState1,0,49.99,80,89.99,90,94.99,0.7481,74.81,Baja
20,Cesar,2022,BCG - Antituberculosa Recién Nacido,0.9677,IndicatorState2,0,49.99,80,89.99,90,94.99,0.9677,96.77,Alta
23,Córdoba,2022,BCG - Antituberculosa Recién Nacido,0.8577,ThreeSymbolUnCircledExclamation,0,49.99,80,89.99,90,94.99,0.8577,85.77,Media
25,Cundinamarca,2022,BCG - Antituberculosa Recién Nacido,0.4902,ThreeSymbolUnCircledCross,0,49.99,80,89.99,90,94.99,0.4902,49.02,Muy baja
27,Chocó,2022,BCG - Antituberculosa Recién Nacido,0.8617,ThreeSymbolUnCircledExclamation,0,49.99,80,89.99,90,94.99,0.8617,86.17,Media
41,Huila,2022,BCG - Antituberculosa Recién Nacido,0.9222,ThreeSymbolUnCircledCheck,0,49.99,80,89.99,90,94.99,0.9222,92.22,Adecuada
44,La Guajira,2022,BCG - Antituberculosa Recién Nacido,1.0818,IndicatorState3,0,49.99,80,89.99,90,94.99,1.0818,108.18,Alta
47,Magdalena,2022,BCG - Antituberculosa Recién Nacido,0.8936,ThreeSymbolUnCircledExclamation,0,49.99,80,89.99,90,94.99,0.8936,89.36,Media
50,Meta,2022,BCG - Antituberculosa Recién Nacido,0.9836,IndicatorState2,0,49.99,80,89.99,90,94.99,0.9836,98.36,Alta
52,Nariño,2022,BCG - Antituberculosa Recién Nacido,0.7735,IndicatorState1,0,49.99,80,89.99,90,94.99,0.7735,77.35,Baja
54,Norte de Santander,2022,BCG - Antituberculosa Recién Nacido,0.8653,ThreeSymbolUnCircledExclamation,0,49.99,80,89.99,90,94.99,0.8653,86.53,Media
63,Quindio,2022,BCG - Antituberculosa Recién Nacido,0.9421,ThreeSymbolUnCircledCheck,0,49.99,80,89.99,90,94.99,0.9421,94.21000000000001,Adecuada
66,Risaralda,2022,BCG - Antituberculosa Recién Nacido,0.9533,IndicatorState2,0,49.99,80,89.99,90,94.99,0.9533,95.33,Alta
68,Santander,2022,BCG - Antituberculosa Recién Nacido,0.8746,ThreeSymbolUnCircledExclamation,0,49.99,80,89.99,90,94.99,0.8746,87.46000000000001,Media
70,Sucre,2022,BCG - Antituberculosa Recién Nacido,0.9438,ThreeSymbolUnCircledCheck,0,49.99,80,89.99,90,94.99,0.9438,94.38,Adecuada
73,Tolima,2022,BCG - Antituberculosa Recién Nacido,0.8319,ThreeSymbolUnCircledExclamation,0,49.99,80,89.99,90,94.99,0.8319,83.19,Media
76,Valle del Cauca,2022,BCG - Antituberculosa Recién Nacido,0.7849,IndicatorState1,0,49.99,80,89.99,90,94.99,0.7849,78.49000000000001,Baja
81,Arauca,2022,BCG - Antituberculosa Recién Nacido,0.9016,ThreeSymbolUnCircledCheck,0,49.99,80,89.99,90,94.99,0.9016,90.16,Adecuada
85,Casanare,2022,BCG - Antituberculosa Recién Nacido,0.906,ThreeSymbolUnCircledCheck,0,49.99,80,89.99,90,94.99,0.906,90.60000000000001,Adecuada
86,Putumayo,2022,BCG - Antituberculosa Recién Nacido,0.9107,ThreeSymbolUnCircledCheck,0,49.99,80,89.99,90,94.99,0.9107,91.07,Adecuada
88,Archipiélago de San Andrés Providencia y Santa Catalina,2022,BCG - Antituberculosa Recién Nacido,0.8666,ThreeSymbolUnCircledExclamation,0,49.99,80,89.99,90,94.99,0.8666,86.66,Media
91,Amazonas,2022,BCG - Antituberculosa Recién Nacido,0.7366,IndicatorState1,0,49.99,80,89.99,90,94.99,0.7366,73.66,Baja
94,Guainía,2022,BCG - Antituberculosa Recién Nacido,1.4111,IndicatorState3,0,49.99,80,89.99,90,94.99,1.4111,141.11,Alta
95,Guaviare,2022,BCG - Antituberculosa Recién Nacido,0.9607,IndicatorState2,0,49.99,80,89.99,90,94.99,0.9607,96.07,Alta
97,Vaupés,2022,BCG - Antituberculosa Recién Nacido,1.1443,IndicatorState3,0,49.99,80,89.99,90,94.99,1.1443,114.43,Alta
99,Vichada,2022,BCG - Antituberculosa Recién Nacido,1.0619,IndicatorState3,0,49.99,80,89.99,90,94.99,1.0619,106.19000000000001,Alta
5,Antioquia,2022,PENTA3,0.8753,ThreeSymbolUnCircledExclamation,0,49.99,80,89.99,90,94.99,0.8753,87.53,Media
8,Atlántico,2022,PENTA3,0.9997,IndicatorState2,0,49.99,80,89.99,90,94.99,0.9997,99.97,Alta
11,Bogotá  D.C.,2022,PENTA3,0.7094,IndicatorState1,0,49.99,80,89.99,90,94.99,0.7094,70.94,Baja
13,Bolívar,2022,PENTA3,0.9435,ThreeSymbolUnCircledCheck,0,49.99,80,89.99,90,94.99,0.9435,94.35,Adecuada
15,Boyacá,2022,PENTA3,0.8974,ThreeSymbolUnCircledExclamation,0,49.99,80,89.99,90,94.99,0.8974,89.74,Media
17,Caldas,2022,PENTA3,0.8738,ThreeSymbolUnCircledExclamation,0,49.99,80,89.99,90,94.99,0.8738,87.38,Media
18,Caquetá,2022,PENTA3,0.8391,ThreeSymbolUnCircledExclamation,0,49.99,80,89.99,90,94.99,0.8391,83.91,Media
19,Cauca,2022,PENTA3,0.9393,ThreeSymbolUnCircledCheck,0,49.99,80,89.99,90,94.99,0.9393,93.93,Adecuada
20,Cesar,2022,PENTA3,0.9158,ThreeSymbolUnCircledCheck,0,49.99,80,89.99,90,94.99,0.9158,91.58,Adecuada
23,Córdoba,2022,PENTA3,0.9297,ThreeSymbolUnCircledCheck,0,49.99,80,89.99,90,94.99,0.9297,92.97,Adecuada
25,Cundinamarca,2022,PENTA3,0.8494,ThreeSymbolUnCircledExclamation,0,49.99,80,89.99,90,94.99,0.8494,84.94,Media
27,Chocó,2022,PENTA3,0.7756,IndicatorState1,0,49.99,80,89.99,90,94.99,0.7756,77.56,Baja
54,Norte de Santander,2022,PENTA3,0.9033,ThreeSymbolUnCircledCheck,0,49.99,80,89.99,90,94.99,0.9033,90.33,Adecuada
63,Quindio,2022,PENTA3,0.863,ThreeSymbolUnCircledExclamation,0,49.99,80,89.99,90,94.99,0.863,86.3,Media
66,Risaralda,2022,PENTA3,0.9014,ThreeSymbolUnCircledCheck,0,49.99,80,89.99,90,94.99,0.9014,90.14,Adecuada
68,Santander,2022,PENTA3,0.83,ThreeSymbolUnCircledExclamation,0,49.99,80,89.99,90,94.99,0.83,83.0,Media
70,Sucre,2022,PENTA3,0.8619,ThreeSymbolUnCircledExclamation,0,49.99,80,89.99,90,94.99,0.8619,86.19,Media
73,Tolima,2022,PENTA3,0.8926,ThreeSymbolUnCircledExclamation,0,49.99,80,89.99,90,94.99,0.8926,89.25999999999999,Media
76,Valle del Cauca,2022,PENTA3,0.9386,ThreeSymbolUnCircledCheck,0,49.99,80,89.99,90,94.99,0.9386,93.86,Adecuada
81,Arauca,2022,PENTA3,0.9076,ThreeSymbolUnCircledCheck,0,49.99,80,89.99,90,94.99,0.9076,90.75999999999999,Adecuada
85,Casanare,2022,PENTA3,0.9334,ThreeSymbolUnCircledCheck,0,49.99,80,89.99,90,94.99,0.9334,93.34,Adecuada
86,Putumayo,2022,PENTA3,0.9763,IndicatorState2,0,49.99,80,89.99,90,94.99,0.9763,97.63,Alta
88,Archipiélago de San Andrés Providencia y Santa Catalina,2022,PENTA3,0.8941,ThreeSymbolUnCircledExclamation,0,49.99,80,89.99,90,94.99,0.8941,89.41,Media
91,Amazonas,2022,PENTA3,0.7813,IndicatorState1,0,49.99,80,89.99,90,94.99,0.7813,78.13,Baja
94,Guainía,2022,PENTA3,0.8644,ThreeSymbolUnCircledExclamation,0,49.99,80,89.99,90,94.99,0.8644,86.44,Media
95,Guaviare,2022,PENTA3,0.9673,IndicatorState2,0,49.99,80,89.99,90,94.99,0.9673,96.73,Alta
97,Vaupés,2022,PENTA3,0.8857,ThreeSymbolUnCircledExclamation,0,49.99,80,89.99,90,94.99,0.8857,88.57000000000001,Media
99,Vichada,2022,PENTA3,0.712,IndicatorState1,0,49.99,80,89.99,90,94.99,0.712,71.2,Baja
5,Antioquia,2022,N2D  Neumococo Mayor a 1 Año 2a. Dosis,0.0,ThreeSymbolUnCircledCross,0,49.99,80,89.99,90,94.99,0.0,0.0,Muy baja
8,Atlántico,2022,N2D  Neumococo Mayor a 1 Año 2a. Dosis,0.0,ThreeSymbolUnCircledCross,0,49.99,80,89.99,90,94.99,0.0,0.0,Muy baja
11,Bogotá  D.C.,2022,N2D  Neumococo Mayor a 1 Año 2a. Dosis,0.0,ThreeSymbolUnCircledCross,0,49.99,80,89.99,90,94.99,0.0,0.0,Muy baja
13,Bolívar,2022,N2D  Neumococo Mayor a 1 Año 2a. Dosis,0.0,ThreeSymbolUnCircledCross,0,49.99,80,89.99,90,94.99,0.0,0.0,Muy baja
15,Boyacá,2022,N2D  Neumococo Mayor a 1 Año 2a. Dosis,0.0,ThreeSymbolUnCircledCross,0,49.99,80,89.99,90,94.99,0.0,0.0,Muy baja
17,Caldas,2022,N2D  Neumococo Mayor a 1 Año 2a. Dosis,0.0,ThreeSymbolUnCircledCross,0,49.99,80,89.99,90,94.99,0.0,0.0,Muy baja
18,Caquetá,2022,N2D  Neumococo Mayor a 1 Año 2a. Dosis,0.0,ThreeSymbolUnCircledCross,0,49.99,80,89.99,90,94.99,0.0,0.0,Muy baja
19,Cauca,2022,N2D  Neumococo Mayor a 1 Año 2a. Dosis,0.0,ThreeSymbolUnCircledCross,0,49.99,80,89.99,90,94.99,0.0,0.0,Muy baja
20,Cesar,2022,N2D  Neumococo Mayor a 1 Año 2a. Dosis,0.0,ThreeSymbolUnCircledCross,0,49.99,80,89.99,90,94.99,0.0,0.0,Muy baja
23,Córdoba,2022,N2D  Neumococo Mayor a 1 Año 2a. Dosis,0.0,ThreeSymbolUnCircledCross,0,49.99,80,89.99,90,94.99,0.0,0.0,Muy baja
25,Cundinamarca,2022,N2D  Neumococo Mayor a 1 Año 2a. Dosis,0.0,ThreeSymbolUnCircledCross,0,49.99,80,89.99,90,94.99,0.0,0.0,Muy baja
27,Chocó,2022,N2D  Neumococo Mayor a 1 Año 2a. Dosis,0.0,ThreeSymbolUnCircledCross,0,49.99,80,89.99,90,94.99,0.0,0.0,Muy baja
41,Huila,2022,N2D  Neumococo Mayor a 1 Año 2a. Dosis,0.0,ThreeSymbolUnCircledCross,0,49.99,80,89.99,90,94.99,0.0,0.0,Muy baja
44,La Guajira,2022,N2D  Neumococo Mayor a 1 Año 2a. Dosis,0.0,ThreeSymbolUnCircledCross,0,49.99,80,89.99,90,94.99,0.0,0.0,Muy baja
47,Magdalena,2022,N2D  Neumococo Mayor a 1 Año 2a. Dosis,0.0,ThreeSymbolUnCircledCross,0,49.99,80,89.99,90,94.99,0.0,0.0,Muy baja
50,Meta,2022,N2D  Neumococo Mayor a 1 Año 2a. Dosis,0.0,ThreeSymbolUnCircledCross,0,49.99,80,89.99,90,94.99,0.0,0.0,Muy baja
52,Nariño,2022,N2D  Neumococo Mayor a 1 Año 2a. Dosis,0.0,ThreeSymbolUnCircledCross,0,49.99,80,89.99,90,94.99,0.0,0.0,Muy baja
54,Norte de Santander,2022,N2D  Neumococo Mayor a 1 Año 2a. Dosis,0.0,ThreeSymbolUnCircledCross,0,49.99,80,89.99,90,94.99,0.0,0.0,Muy baja
63,Quindio,2022,N2D  Neumococo Mayor a 1 Año 2a. Dosis,0.0,ThreeSymbolUnCircledCross,0,49.99,80,89.99,90,94.99,0.0,0.0,Muy baja
66,Risaralda,2022,N2D  Neumococo Mayor a 1 Año 2a. Dosis,0.0,ThreeSymbolUnCircledCross,0,49.99,80,89.99,90,94.99,0.0,0.0,Muy baja
68,Santander,2022,N2D  Neumococo Mayor a 1 Año 2a. Dosis,0.0,ThreeSymbolUnCircledCross,0,49.99,80,89.99,90,94.99,0.0,0.0,Muy baja
70,Sucre,2022,N2D  Neumococo Mayor a 1 Año 2a. Dosis,0.0,ThreeSymbolUnCircledCross,0,49.99,80,89.99,90,94.99,0.0,0.0,Muy baja
73,Tolima,2022,N2D  Neumococo Mayor a 1 Año 2a. Dosis,0.0,ThreeSymbolUnCircledCross,0,49.99,80,89.99,90,94.99,0.0,0.0,Muy baja
76,Valle del Cauca,2022,N2D  Neumococo Mayor a 1 Año 2a. Dosis,0.0,ThreeSymbolUnCircledCross,0,49.99,80,89.99,90,94.99,0.0,0.0,Muy baja
81,Arauca,2022,N2D  Neumococo Mayor a 1 Año 2a. Dosis,0.0,ThreeSymbolUnCircledCross,0,49.99,80,89.99,90,94.99,0.0,0.0,Muy baja
85,Casanare,2022,N2D  Neumococo Mayor a 1 Año 2a. Dosis,0.0,ThreeSymbolUnCircledCross,0,49.99,80,89.99,90,94.99,0.0,0.0,Muy baja
86,Putumayo,2022,N2D  Neumococo Mayor a 1 Año 2a. Dosis,0.0,ThreeSymbolUnCircledCross,0,49.99,80,89.99,90,94.99,0.0,0.0,Muy baja
88,Archipiélago de San Andrés Providencia y Santa Catalina,2022,N2D  Neumococo Mayor a 1 Año 2a. Dosis,0.0,ThreeSymbolUnCircledCross,0,49.99,80,89.99,90,94.99,0.0,0.0,Muy baja
91,Amazonas,2022,N2D  Neumococo Mayor a 1 Año 2a. Dosis,0.0,ThreeSymbolUnCircledCross,0,49.99,80,89.99,90,94.99,0.0,0.0,Muy baja
94,Guainía,2022,N2D  Neumococo Mayor a 1 Año 2a. Dosis,0.0,ThreeSymbolUnCircledCross,0,49.99,80,89.99,90,94.99,0.0,0.0,Muy baja
95,Guaviare,2022,N2D  Neumococo Mayor a 1 Año 2a. Dosis,0.0,ThreeSymbolUnCircledCross,0,49.99,80,89.99,90,94.99,0.0,0.0,Muy baja
97,Vaupés,2022,N2D  Neumococo Mayor a 1 Año 2a. Dosis,0.0,ThreeSymbolUnCircledCross,0,49.99,80,89.99,90,94.99,0.0,0.0,Muy baja
99,Vichada,2022,N2D  Neumococo Mayor a 1 Año 2a. Dosis,0.0,ThreeSymbolUnCircledCross,0,49.99,80,89.99,90,94.99,0.0,0.0,Muy baja
5,Antioquia,2022,TV - Sarampión-Rubéola-Paperas (TV) 1 Año Única Dosis,0.9064,ThreeSymbolUnCircledCheck,0,49.99,80,89.99,90,94.99,0.9064,90.64,Adecuada
8,Atlántico,2022,TV - Sarampión-Rubéola-Paperas (TV) 1 Año Única Dosis,0.9468,ThreeSymbolUnCircledCheck,0,49.99,80,89.99,90,94.99,0.9468,94.67999999999999,Adecuada
11,Bogotá D.C.,2022,TV - Sarampión-Rubéola-Paperas (TV) 1 Año Única Dosis,0.6935,IndicatorState1,0,49.99,80,89.99,90,94.99,0.6935,69.35,Baja
13,Bolívar,2022,TV - Sarampión-Rubéola-Paperas (TV) 1 Año Única Dosis,0.9127,ThreeSymbolUnCircledCheck,0,49.99,80,89.99,90,94.99,0.9127,91.27,Adecuada
15,Boyacá,2022,TV - Sarampión-Rubéola-Paperas (TV) 1 Año Única Dosis,0.8545,ThreeSymbolUnCircledExclamation,0,49.99,80,89.99,90,94.99,0.8545,85.45,Media
17,Caldas,2022,TV - Sarampión-Rubéola-Paperas (TV) 1 Año Única Dosis,0.8511,ThreeSymbolUnCircledExclamation,0,49.99,80,89.99,90,94.99,0.8511,85.11,Media
18,Caquetá,2022,TV - Sarampión-Rubéola-Paperas (TV) 1 Año Única Dosis,0.9192,ThreeSymbolUnCircledCheck,0,49.99,80,89.99,90,94.99,0.9192,91.92,Adecuada
19,Cauca,2022,TV - Sarampión-Rubéola-Paperas (TV) 1 Año Única Dosis,0.9371,ThreeSymbolUnCircledCheck,0,49.99,80,89.99,90,94.99,0.9371,93.71000000000001,Adecuada
20,Cesar,2022,TV - Sarampión-Rubéola-Paperas (TV) 1 Año Única Dosis,0.9674,IndicatorState2,0,49.99,80,89.99,90,94.99,0.9674,96.74000000000001,Alta
23,Córdoba,2022,TV - Sarampión-Rubéola-Paperas (TV) 1 Año Única Dosis,0.949,ThreeSymbolUnCircledCheck,0,49.99,80,89.99,90,94.99,0.949,94.89999999999999,Adecuada
25,Cundinamarca,2022,TV - Sarampión-Rubéola-Paperas (TV) 1 Año Única Dosis,0.8327,ThreeSymbolUnCircledExclamation,0,49.99,80,89.99,90,94.99,0.8327,83.27,Media
27,Chocó,2022,TV - Sarampión-Rubéola-Paperas (TV) 1 Año Única Dosis,0.9809,IndicatorState2,0,49.99,80,89.99,90,94.99,0.9809,98.09,Alta
41,Huila,2022,TV - Sarampión-Rubéola-Paperas (TV) 1 Año Única Dosis,0.9129,ThreeSymbolUnCircledCheck,0,49.99,80,89.99,90,94.99,0.9129,91.29,Adecuada
44,La Guajira,2022,TV - Sarampión-Rubéola-Paperas (TV) 1 Año Única Dosis,1.0085,IndicatorState3,0,49.99,80,89.99,90,94.99,1.0085,100.85,Alta
47,Magdalena,2022,TV - Sarampión-Rubéola-Paperas (TV) 1 Año Única Dosis,0.9749,IndicatorState2,0,49.99,80,89.99,90,94.99,0.9749,97.49,Alta
50,Meta,2022,TV - Sarampión-Rubéola-Paperas (TV) 1 Año Única Dosis,0.891,ThreeSymbolUnCircledExclamation,0,49.99,80,89.99,90,94.99,0.891,89.1,Media
52,Nariño,2022,TV - Sarampión-Rubéola-Paperas (TV) 1 Año Única Dosis,0.8487,ThreeSymbolUnCircledExclamation,0,49.99,80,89.99,90,94.99,0.8487,84.87,Media
54,Norte de Santander,2022,TV - Sarampión-Rubéola-Paperas (TV) 1 Año Única Dosis,0.9057,ThreeSymbolUnCircledCheck,0,49.99,80,89.99,90,94.99,0.9057,90.57,Adecuada
63,Quindio,2022,TV - Sarampión-Rubéola-Paperas (TV) 1 Año Única Dosis,0.8355,ThreeSymbolUnCircledExclamation,0,49.99,80,89.99,90,94.99,0.8355,83.55,Media
66,Risaralda,2022,TV - Sarampión-Rubéola-Paperas (TV) 1 Año Única Dosis,0.9054,ThreeSymbolUnCircledCheck,0,49.99,80,89.99,90,94.99,0.9054,90.53999999999999,Adecuada
68,Santander,2022,TV - Sarampión-Rubéola-Paperas (TV) 1 Año Única Dosis,0.8425,ThreeSymbolUnCircledExclamation,0,49.99,80,89.99,90,94.99,0.8425,84.25,Media
70,Sucre,2022,TV - Sarampión-Rubéola-Paperas (TV) 1 Año Única Dosis,0.9163,ThreeSymbolUnCircledCheck,0,49.99,80,89.99,90,94.99,0.9163,91.63,Adecuada
73,Tolima,2022,TV - Sarampión-Rubéola-Paperas (TV) 1 Año Única Dosis,0.8744,ThreeSymbolUnCircledExclamation,0,49.99,80,89.99,90,94.99,0.8744,87.44,Media
76,Valle del Cauca,2022,TV - Sarampión-Rubéola-Paperas (TV) 1 Año Única Dosis,0.9435,ThreeSymbolUnCircledCheck,0,49.99,80,89.99,90,94.99,0.9435,94.35,Adecuada
81,Arauca,2022,TV - Sarampión-Rubéola-Paperas (TV) 1 Año Única Dosis,0.9376,ThreeSymbolUnCircledCheck,0,49.99,80,89.99,90,94.99,0.9376,93.76,Adecuada
85,Casanare,2022,TV - Sarampión-Rubéola-Paperas (TV) 1 Año Única Dosis,0.9463,ThreeSymbolUnCircledCheck,0,49.99,80,89.99,90,94.99,0.9463,94.63000000000001,Adecuada
86,Putumayo,2022,TV - Sarampión-Rubéola-Paperas (TV) 1 Año Única Dosis,0.9937,IndicatorState2,0,49.99,80,89.99,90,94.99,0.9937,99.37,Alta
88,Archipiélago de San Andrés Providencia y Santa Catalina,2022,TV - Sarampión-Rubéola-Paperas (TV) 1 Año Única Dosis,0.8639,ThreeSymbolUnCircledExclamation,0,49.99,80,89.99,90,94.99,0.8639,86.39,Media
91,Amazonas,2022,TV - Sarampión-Rubéola-Paperas (TV) 1 Año Única Dosis,0.7711,IndicatorState1,0,49.99,80,89.99,90,94.99,0.7711,77.11,Baja
94,Guainía,2022,TV - Sarampión-Rubéola-Paperas (TV) 1 Año Única Dosis,0.9519,IndicatorState2,0,49.99,80,89.99,90,94.99,0.9519,95.19,Alta
95,Guaviare,2022,TV - Sarampión-Rubéola-Paperas (TV) 1 Año Única Dosis,0.9679,IndicatorState2,0,49.99,80,89.99,90,94.99,0.9679,96.78999999999999,Alta
97,Vaupés,2022,TV - Sarampión-Rubéola-Paperas (TV) 1 Año Única Dosis,1.0429,IndicatorState3,0,49.99,80,89.99,90,94.99,1.0429,104.28999999999999,Alta
99,Vichada,2022,TV - Sarampión-Rubéola-Paperas (TV) 1 Año Única Dosis,0.9918,IndicatorState2,0,49.99,80,89.99,90,94.99,0.9918,99.18,Alta
5,Antioquia,2022,TV.R - Sarampión-Rubéola-Paperas (TV) 5 Años Refuerzo,0.8388,ThreeSymbolUnCircledExclamation,0,49.99,80,89.99,90,94.99,0.8388,83.88,Media
8,Atlántico,2022,TV.R - Sarampión-Rubéola-Paperas (TV) 5 Años Refuerzo,0.8947,ThreeSymbolUnCircledExclamation,0,49.99,80,89.99,90,94.99,0.8947,89.47,Media
11,Bogotá D.C.,2022,TV.R - Sarampión-Rubéola-Paperas (TV) 5 Años Refuerzo,0.8282,ThreeSymbolUnCircledExclamation,0,49.99,80,89.99,90,94.99,0.8282,82.82000000000001,Media
13,Bolívar,2022,TV.R - Sarampión-Rubéola-Paperas (TV) 5 Años Refuerzo,0.8018,ThreeSymbolUnCircledExclamation,0,49.99,80,89.99,90,94.99,0.8018,80.17999999999999,Media
15,Boyacá,2022,TV.R - Sarampión-Rubéola-Paperas (TV) 5 Años Refuerzo,0.9432,ThreeSymbolUnCircledCheck,0,49.99,80,89.99,90,94.99,0.9432,94.32000000000001,Adecuada
17,Caldas,2022,TV.R - Sarampión-Rubéola-Paperas (TV) 5 Años Refuerzo,0.8935,ThreeSymbolUnCircledExclamation,0,49.99,80,89.99,90,94.99,0.8935,89.35,Media
18,Caquetá,2022,TV.R - Sarampión-Rubéola-Paperas (TV) 5 Años Refuerzo,0.827,ThreeSymbolUnCircledExclamation,0,49.99,80,89.99,90,94.99,0.827,82.69999999999999,Media
19,Cauca,2022,TV.R - Sarampión-Rubéola-Paperas (TV) 5 Años Refuerzo,1.0215,IndicatorState3,0,49.99,80,89.99,90,94.99,1.0215,102.15,Alta
20,Cesar,2022,TV.R - Sarampión-Rubéola-Paperas (TV) 5 Años Refuerzo,0.7929,IndicatorState1,0,49.99,80,89.99,90,94.99,0.7929,79.29,Baja
23,Córdoba,2022,TV.R - Sarampión-Rubéola-Paperas (TV) 5 Años Refuerzo,0.8973,ThreeSymbolUnCircledExclamation,0,49.99,80,89.99,90,94.99,0.8973,89.73,Media
25,Cundinamarca,2022,TV.R - Sarampión-Rubéola-Paperas (TV) 5 Años Refuerzo,0.8693,ThreeSymbolUnCircledExclamation,0,49.99,80,89.99,90,94.99,0.8693,86.92999999999999,Media
27,Chocó,2022,TV.R - Sarampión-Rubéola-Paperas (TV) 5 Años Refuerzo,0.7084,IndicatorState1,0,49.99,80,89.99,90,94.99,0.7084,70.84,Baja
41,Huila,2022,TV.R - Sarampión-Rubéola-Paperas (TV) 5 Años Refuerzo,0.8847,ThreeSymbolUnCircledExclamation,0,49.99,80,89.99,90,94.99,0.8847,88.47,Media
44,La Guajira,2022,TV.R - Sarampión-Rubéola-Paperas (TV) 5 Años Refuerzo,0.7327,IndicatorState1,0,49.99,80,89.99,90,94.99,0.7327,73.27,Baja
47,Magdalena,2022,TV.R - Sarampión-Rubéola-Paperas (TV) 5 Años Refuerzo,0.8303,ThreeSymbolUnCircledExclamation,0,49.99,80,89.99,90,94.99,0.8303,83.03,Media
50,Meta,2022,TV.R - Sarampión-Rubéola-Paperas (TV) 5 Años Refuerzo,0.7886,IndicatorState1,0,49.99,80,89.99,90,94.99,0.7886,78.86,Baja
52,Nariño,2022,TV.R - Sarampión-Rubéola-Paperas (TV) 5 Años Refuerzo,0.8392,ThreeSymbolUnCircledExclamation,0,49.99,80,89.99,90,94.99,0.8392,83.91999999999999,Media
54,Norte de Santander,2022,TV.R - Sarampión-Rubéola-Paperas (TV) 5 Años Refuerzo,0.791,IndicatorState1,0,49.99,80,89.99,90,94.99,0.791,79.10000000000001,Baja
63,Quindio,2022,TV.R - Sarampión-Rubéola-Paperas (TV) 5 Años Refuerzo,0.8385,ThreeSymbolUnCircledExclamation,0,49.99,80,89.99,90,94.99,0.8385,83.85000000000001,Media
66,Risaralda,2022,TV.R - Sarampión-Rubéola-Paperas (TV) 5 Años Refuerzo,0.8107,ThreeSymbolUnCircledExclamation,0,49.99,80,89.99,90,94.99,0.8107,81.07,Media
68,Santander,2022,TV.R - Sarampión-Rubéola-Paperas (TV) 5 Años Refuerzo,0.7839,IndicatorState1,0,49.99,80,89.99,90,94.99,0.7839,78.39,Baja
70,Sucre,2022,TV.R - Sarampión-Rubéola-Paperas (TV) 5 Años Refuerzo,0.8606,ThreeSymbolUnCircledExclamation,0,49.99,80,89.99,90,94.99,0.8606,86.06,Media
73,Tolima,2022,TV.R - Sarampión-Rubéola-Paperas (TV) 5 Años Refuerzo,0.8148,ThreeSymbolUnCircledExclamation,0,49.99,80,89.99,90,94.99,0.8148,81.47999999999999,Media
76,Valle del Cauca,2022,TV.R - Sarampión-Rubéola-Paperas (TV) 5 Años Refuerzo,0.9024,ThreeSymbolUnCircledCheck,0,49.99,80,89.99,90,94.99,0.9024,90.24,Adecuada
81,Arauca,2022,TV.R - Sarampión-Rubéola-Paperas (TV) 5 Años Refuerzo,0.8788,ThreeSymbolUnCircledExclamation,0,49.99,80,89.99,90,94.99,0.8788,87.88,Media
85,Casanare,2022,TV.R - Sarampión-Rubéola-Paperas (TV) 5 Años Refuerzo,0.8915,ThreeSymbolUnCircledExclamation,0,49.99,80,89.99,90,94.99,0.8915,89.14999999999999,Media
86,Putumayo,2022,TV.R - Sarampión-Rubéola-Paperas (TV) 5 Años Refuerzo,0.9422,ThreeSymbolUnCircledCheck,0,49.99,80,89.99,90,94.99,0.9422,94.22,Adecuada
88,Archipiélago de San Andrés Providencia y Santa Catalina,2022,TV.R - Sarampión-Rubéola-Paperas (TV) 5 Años Refuerzo,0.7407,IndicatorState1,0,49.99,80,89.99,90,94.99,0.7407,74.07000000000001,Baja
91,Amazonas,2022,TV.R - Sarampión-Rubéola-Paperas (TV) 5 Años Refuerzo,0.7298,IndicatorState1,0,49.99,80,89.99,90,94.99,0.7298,72.98,Baja
94,Guainía,2022,TV.R - Sarampión-Rubéola-Paperas (TV) 5 Años Refuerzo,0.6621,IndicatorState1,0,49.99,80,89.99,90,94.99,0.6621,66.21000000000001,Baja
95,Guaviare,2022,TV.R - Sarampión-Rubéola-Paperas (TV) 5 Años Refuerzo,0.9422,ThreeSymbolUnCircledCheck,0,49.99,80,89.99,90,94.99,0.9422,94.22,Adecuada
97,Vaupés,2022,TV.R - Sarampión-Rubéola-Paperas (TV) 5 Años Refuerzo,0.6316,IndicatorState1,0,49.99,80,89.99,90,94.99,0.6316,63.160000000000004,Baja
99,Vichada,2022,TV.R - Sarampión-Rubéola-Paperas (TV) 5 Años Refuerzo,0.6011,IndicatorState1,0,49.99,80,89.99,90,94.99,0.6011,60.11,Baja
